claim_id,actual_class,scenario,python_predicted,python_conf_valid,python_conf_invalid,python_conf_manual_review,python_top_confidence,card_filename,tm_predicted,tm_conf_valid,tm_conf_invalid,tm_conf_manual_review,tm_top_confidence,classes_match,confidence_difference,consistency_status,warranty_rule_result,missing_documents,contradictions,duplicate_indicators,final_decision,decision_correct,python_version,tm_version,disagreement_explanation
CLM-00738,Invalid Claim,expired_warranty,Invalid Claim,0.0416,0.9422,0.0163,0.9422,cards/test/Invalid Claim/CLM-00738_v1.png,Invalid Claim,0.0081,0.9897,0.0022,0.9897,True,0.0475,Strong Match,failed: warranty_expired_beyond_grace (blocking),"0 mandatory missing; not attached: product image, repair report",none,none (dataset claims have no claim history),Likely Invalid,True,v2,v2,
CLM-01180,Manual Review,borderline_disagreement,Manual Review,0.1575,0.0503,0.7922,0.7922,cards/test/Manual Review/CLM-01180_v1.png,Manual Review,0.0106,0.0219,0.9675,0.9675,True,0.1753,Acceptable Match,all rules passed,"0 mandatory missing; not attached: warranty card, repair report",none,none (dataset claims have no claim history),Manual Review Required,True,v2,v2,
CLM-01117,Manual Review,missing_documents,Manual Review,0.0518,0.0371,0.9112,0.9112,cards/test/Manual Review/CLM-01117_v1.png,Manual Review,0.0618,0.0165,0.9217,0.9217,True,0.0105,Strong Match,"failed: reported_after_reporting_period (warning), missing_mandatory_documents (review)","2 mandatory missing; not attached: receipt, product image, repair report",none,none (dataset claims have no claim history),Manual Review Required,True,v2,v2,
CLM-00265,Valid Claim,normal_valid,Valid Claim,0.6933,0.1088,0.1979,0.6933,cards/test/Valid Claim/CLM-00265_v1.png,Valid Claim,0.9908,0.0053,0.0038,0.9908,True,0.2975,Weak Match,failed: reported_after_reporting_period (warning),"0 mandatory missing; not attached: warranty card, repair report",none,none (dataset claims have no claim history),Manual Review Required,False,v2,v2,
CLM-00116,Valid Claim,valid_with_repair_history,Valid Claim,0.7462,0.1186,0.1352,0.7462,cards/test/Valid Claim/CLM-00116_v1.png,Valid Claim,0.9927,0.0006,0.0067,0.9927,True,0.2465,Weak Match,failed: reported_after_reporting_period (warning),0 mandatory missing; not attached: warranty card,none,none (dataset claims have no claim history),Manual Review Required,False,v2,v2,
CLM-01451,Manual Review,contradiction_bad_dates,Manual Review,0.1022,0.0127,0.8851,0.8851,cards/test/Manual Review/CLM-01451_v1.png,Manual Review,0.0107,0.3216,0.6677,0.6677,True,0.2174,Weak Match,all rules passed,0 mandatory missing; not attached: repair report,Fault date precedes product purchase date.,none (dataset claims have no claim history),Manual Review Required,True,v2,v2,
CLM-01128,Invalid Claim,borderline_disagreement,Manual Review,0.0604,0.0136,0.9261,0.9261,cards/test/Invalid Claim/CLM-01128_v1.png,Manual Review,0.0166,0.2407,0.7427,0.7427,True,0.1834,Acceptable Match,failed: warranty_expired_beyond_grace (blocking),0 mandatory missing; not attached: warranty card,none,none (dataset claims have no claim history),Likely Invalid,True,v2,v2,
CLM-01145,Manual Review,missing_documents,Manual Review,0.13,0.0678,0.8022,0.8022,cards/test/Manual Review/CLM-01145_v1.png,Manual Review,0.1125,0.0325,0.855,0.855,True,0.0528,Strong Match,failed: missing_mandatory_documents (review),2 mandatory missing; not attached: repair report,none,none (dataset claims have no claim history),Manual Review Required,True,v2,v2,
CLM-00630,Invalid Claim,expired_warranty,Invalid Claim,0.036,0.9536,0.0105,0.9536,cards/test/Invalid Claim/CLM-00630_v1.png,Invalid Claim,0.0045,0.9928,0.0027,0.9928,True,0.0392,Strong Match,failed: warranty_expired_beyond_grace (blocking),0 mandatory missing; not attached: repair report,none,none (dataset claims have no claim history),Likely Invalid,True,v2,v2,
CLM-00444,Valid Claim,valid_near_expiry,Valid Claim,0.87,0.0474,0.0826,0.87,cards/test/Valid Claim/CLM-00444_v1.png,Valid Claim,0.968,0.0287,0.0033,0.968,True,0.098,Strong Match,all rules passed,0 mandatory missing; not attached: repair report,none,none (dataset claims have no claim history),Likely Valid,True,v2,v2,
CLM-00977,Invalid Claim,excessive_repairs,Valid Claim,0.4783,0.4133,0.1085,0.4783,cards/test/Invalid Claim/CLM-00977_v1.png,Invalid Claim,0.0911,0.8932,0.0156,0.8932,False,0.4149,Model Disagreement,"failed: reported_after_reporting_period (warning), max_repairs_exceeded (blocking)",0 mandatory missing; not attached: warranty card,none,none (dataset claims have no claim history),Likely Invalid,True,v2,v2,"Python said Valid Claim (48%), Teachable Machine said Invalid Claim (89%); actual Invalid Claim (scenario excessive_repairs); Teachable Machine matched the actual class. At least one model was below the 60% minimum confidence."
CLM-00034,Valid Claim,normal_valid,Manual Review,0.3888,0.0778,0.5334,0.5334,cards/test/Valid Claim/CLM-00034_v1.png,Valid Claim,0.9865,0.011,0.0025,0.9865,False,0.4531,Model Disagreement,failed: reported_after_reporting_period (warning),"0 mandatory missing; not attached: warranty card, product image, repair report",none,none (dataset claims have no claim history),Manual Review Required,False,v2,v2,"Python said Manual Review (53%), Teachable Machine said Valid Claim (99%); actual Valid Claim (scenario normal_valid); Teachable Machine matched the actual class. At least one model was below the 60% minimum confidence."
CLM-00486,Valid Claim,valid_near_expiry,Valid Claim,0.8695,0.0502,0.0803,0.8695,cards/test/Valid Claim/CLM-00486_v1.png,Valid Claim,0.9819,0.0167,0.0015,0.9819,True,0.1124,Acceptable Match,all rules passed,0 mandatory missing; not attached: repair report,none,none (dataset claims have no claim history),Likely Valid,True,v2,v2,
CLM-00445,Valid Claim,normal_valid,Valid Claim,0.7981,0.1181,0.0838,0.7981,cards/test/Valid Claim/CLM-00445_v1.png,Valid Claim,0.8463,0.1515,0.0022,0.8463,True,0.0482,Acceptable Match,all rules passed,0 mandatory missing,none,none (dataset claims have no claim history),Likely Valid,True,v2,v2,
CLM-00192,Valid Claim,valid_near_expiry,Valid Claim,0.8794,0.0571,0.0635,0.8794,cards/test/Valid Claim/CLM-00192_v1.png,Valid Claim,0.8696,0.1266,0.0038,0.8696,True,0.0098,Strong Match,all rules passed,0 mandatory missing; not attached: repair report,none,none (dataset claims have no claim history),Likely Valid,True,v2,v2,
CLM-01067,Manual Review,contradiction_bad_dates,Manual Review,0.1207,0.0136,0.8657,0.8657,cards/test/Manual Review/CLM-01067_v1.png,Manual Review,0.0046,0.079,0.9164,0.9164,True,0.0507,Strong Match,all rules passed,0 mandatory missing; not attached: repair report,Fault date precedes product purchase date.,none (dataset claims have no claim history),Manual Review Required,True,v2,v2,
CLM-00992,Invalid Claim,excessive_repairs,Invalid Claim,0.1287,0.8629,0.0085,0.8629,cards/test/Invalid Claim/CLM-00992_v1.png,Invalid Claim,0.0016,0.9982,0.0002,0.9982,True,0.1353,Acceptable Match,"failed: reported_after_reporting_period (warning), max_repairs_exceeded (blocking)",0 mandatory missing,none,none (dataset claims have no claim history),Likely Invalid,True,v2,v2,
CLM-00102,Valid Claim,valid_near_expiry,Valid Claim,0.8848,0.0483,0.0668,0.8848,cards/test/Valid Claim/CLM-00102_v1.png,Valid Claim,0.9791,0.0184,0.0025,0.9791,True,0.0943,Strong Match,all rules passed,0 mandatory missing; not attached: repair report,none,none (dataset claims have no claim history),Likely Valid,True,v2,v2,
CLM-01335,Manual Review,contradiction_bad_dates,Manual Review,0.0918,0.0127,0.8954,0.8954,cards/test/Manual Review/CLM-01335_v1.png,Manual Review,0.0333,0.1714,0.7953,0.7953,True,0.1001,Acceptable Match,all rules passed,"0 mandatory missing; not attached: product image, repair report",Fault date precedes product purchase date.,none (dataset claims have no claim history),Manual Review Required,True,v2,v2,
CLM-00719,Invalid Claim,excessive_repairs,Invalid Claim,0.2115,0.7516,0.0369,0.7516,cards/test/Invalid Claim/CLM-00719_v1.png,Invalid Claim,0.0059,0.9921,0.002,0.9921,True,0.2405,Weak Match,"failed: reported_after_reporting_period (warning), max_repairs_exceeded (blocking), prior_replacement_limit (blocking)",0 mandatory missing,none,none (dataset claims have no claim history),Likely Invalid,True,v2,v2,
CLM-01126,Manual Review,serial_mismatch,Manual Review,0.1044,0.0196,0.876,0.876,cards/test/Manual Review/CLM-01126_v1.png,Manual Review,0.045,0.0562,0.8988,0.8988,True,0.0228,Strong Match,failed: serial_number_match (review),0 mandatory missing; not attached: repair report,Serial number mismatch between claim input and evidence.,none (dataset claims have no claim history),Manual Review Required,True,v2,v2,
CLM-00251,Valid Claim,valid_with_repair_history,Valid Claim,0.7534,0.1154,0.1312,0.7534,cards/test/Valid Claim/CLM-00251_v1.png,Valid Claim,0.9909,0.0084,0.0007,0.9909,True,0.2375,Weak Match,failed: reported_after_reporting_period (warning),"0 mandatory missing; not attached: product image, repair report",none,none (dataset claims have no claim history),Manual Review Required,False,v2,v2,
CLM-00991,Invalid Claim,excluded_damage,Invalid Claim,0.1333,0.8057,0.061,0.8057,cards/test/Invalid Claim/CLM-00991_v1.png,Invalid Claim,0.0292,0.876,0.0947,0.876,True,0.0703,Strong Match,"failed: excluded_damage_physical (blocking), excluded_fault_type (blocking), reported_after_reporting_period (warning)","0 mandatory missing; not attached: warranty card, repair report",none,none (dataset claims have no claim history),Likely Invalid,True,v2,v2,
CLM-01211,Manual Review,contradiction_bad_dates,Manual Review,0.13,0.027,0.843,0.843,cards/test/Manual Review/CLM-01211_v1.png,Manual Review,0.0232,0.0468,0.93,0.93,True,0.087,Strong Match,all rules passed,"0 mandatory missing; not attached: warranty card, repair report",Fault date precedes product purchase date.,none (dataset claims have no claim history),Manual Review Required,True,v2,v2,
CLM-01178,Manual Review,serial_mismatch,Manual Review,0.1333,0.0553,0.8115,0.8115,cards/test/Manual Review/CLM-01178_v1.png,Manual Review,0.0029,0.064,0.933,0.933,True,0.1215,Acceptable Match,"failed: serial_number_match (review), reported_after_reporting_period (warning)","0 mandatory missing; not attached: warranty card, repair report",Serial number mismatch between claim input and evidence.,none (dataset claims have no claim history),Manual Review Required,True,v2,v2,
CLM-00524,Invalid Claim,excessive_repairs,Invalid Claim,0.1038,0.8795,0.0167,0.8795,cards/test/Invalid Claim/CLM-00524_v1.png,Invalid Claim,0.2685,0.6973,0.0342,0.6973,True,0.1822,Weak Match,"failed: reported_after_reporting_period (warning), max_repairs_exceeded (blocking)",0 mandatory missing; not attached: warranty card,none,none (dataset claims have no claim history),Likely Invalid,True,v2,v2,
CLM-00082,Valid Claim,normal_valid,Valid Claim,0.6046,0.1377,0.2577,0.6046,cards/test/Valid Claim/CLM-00082_v1.png,Valid Claim,0.9862,0.0072,0.0066,0.9862,True,0.3816,Weak Match,failed: reported_after_reporting_period (warning),0 mandatory missing; not attached: repair report,none,none (dataset claims have no claim history),Manual Review Required,False,v2,v2,
CLM-00955,Invalid Claim,excluded_damage,Invalid Claim,0.3488,0.6148,0.0364,0.6148,cards/test/Invalid Claim/CLM-00955_v1.png,Invalid Claim,0.3073,0.6735,0.0192,0.6735,True,0.0587,Weak Match,"failed: excluded_damage_physical (blocking), excluded_fault_type (blocking), reported_after_reporting_period (warning)","0 mandatory missing; not attached: product image, repair report",none,none (dataset claims have no claim history),Likely Invalid,True,v2,v2,
CLM-01337,Manual Review,missing_documents,Manual Review,0.0888,0.0156,0.8957,0.8957,cards/test/Manual Review/CLM-01337_v1.png,Manual Review,0.0833,0.0044,0.9124,0.9124,True,0.0167,Strong Match,"failed: reported_after_reporting_period (warning), missing_mandatory_documents (review)","1 mandatory missing; not attached: receipt, warranty card, repair report",none,none (dataset claims have no claim history),Manual Review Required,True,v2,v2,
CLM-00110,Valid Claim,valid_with_repair_history,Valid Claim,0.7851,0.1253,0.0897,0.7851,cards/test/Valid Claim/CLM-00110_v1.png,Valid Claim,0.9794,0.0181,0.0025,0.9794,True,0.1943,Acceptable Match,failed: reported_after_reporting_period (warning),0 mandatory missing; not attached: repair report,none,none (dataset claims have no claim history),Likely Valid,True,v2,v2,
CLM-00146,Valid Claim,valid_with_repair_history,Valid Claim,0.764,0.1308,0.1052,0.764,cards/test/Valid Claim/CLM-00146_v1.png,Valid Claim,0.9255,0.0706,0.0039,0.9255,True,0.1615,Acceptable Match,failed: reported_after_reporting_period (warning),0 mandatory missing; not attached: product image,none,none (dataset claims have no claim history),Likely Valid,True,v2,v2,
CLM-00547,Invalid Claim,excluded_damage,Invalid Claim,0.0777,0.6388,0.2835,0.6388,cards/test/Invalid Claim/CLM-00547_v1.png,Invalid Claim,0.3295,0.6573,0.0132,0.6573,True,0.0185,Weak Match,"failed: excluded_damage_liquid (blocking), excluded_fault_type (blocking)","0 mandatory missing; not attached: product image, repair report",none,none (dataset claims have no claim history),Likely Invalid,True,v2,v2,
CLM-00238,Valid Claim,normal_valid,Valid Claim,0.5851,0.1318,0.2831,0.5851,cards/test/Valid Claim/CLM-00238_v1.png,Valid Claim,0.9671,0.0192,0.0137,0.9671,True,0.382,Uncertain Result,failed: reported_after_reporting_period (warning),"0 mandatory missing; not attached: warranty card, repair report",none,none (dataset claims have no claim history),Manual Review Required,False,v2,v2,
CLM-01054,Manual Review,serial_mismatch,Manual Review,0.1124,0.0228,0.8648,0.8648,cards/test/Manual Review/CLM-01054_v1.png,Manual Review,0.0666,0.0503,0.8831,0.8831,True,0.0183,Strong Match,"failed: serial_number_match (review), reported_after_reporting_period (warning)",0 mandatory missing; not attached: repair report,Serial number mismatch between claim input and evidence.,none (dataset claims have no claim history),Manual Review Required,True,v2,v2,
CLM-01460,Manual Review,borderline_disagreement,Manual Review,0.0354,0.0127,0.9518,0.9518,cards/test/Manual Review/CLM-01460_v1.png,Manual Review,0.1865,0.0374,0.7761,0.7761,True,0.1757,Acceptable Match,all rules passed,0 mandatory missing; not attached: warranty card,none,none (dataset claims have no claim history),Manual Review Required,True,v2,v2,
CLM-01457,Manual Review,missing_documents,Manual Review,0.0698,0.0171,0.9131,0.9131,cards/test/Manual Review/CLM-01457_v1.png,Manual Review,0.0385,0.0069,0.9546,0.9546,True,0.0415,Strong Match,"failed: reported_after_reporting_period (warning), missing_mandatory_documents (review)","1 mandatory missing; not attached: receipt, repair report",none,none (dataset claims have no claim history),Manual Review Required,True,v2,v2,
CLM-00229,Valid Claim,normal_valid,Valid Claim,0.5912,0.1548,0.254,0.5912,cards/test/Valid Claim/CLM-00229_v1.png,Valid Claim,0.9774,0.0135,0.0091,0.9774,True,0.3862,Uncertain Result,failed: reported_after_reporting_period (warning),"0 mandatory missing; not attached: warranty card, repair report",none,none (dataset claims have no claim history),Manual Review Required,False,v2,v2,
CLM-00029,Valid Claim,valid_with_repair_history,Valid Claim,0.7511,0.1102,0.1387,0.7511,cards/test/Valid Claim/CLM-00029_v1.png,Valid Claim,0.9874,0.0112,0.0014,0.9874,True,0.2363,Weak Match,failed: reported_after_reporting_period (warning),"0 mandatory missing; not attached: product image, repair report",none,none (dataset claims have no claim history),Manual Review Required,False,v2,v2,
CLM-01411,Manual Review,contradiction_bad_dates,Manual Review,0.1196,0.0095,0.8709,0.8709,cards/test/Manual Review/CLM-01411_v1.png,Manual Review,0.0296,0.2598,0.7106,0.7106,True,0.1603,Acceptable Match,all rules passed,0 mandatory missing; not attached: repair report,Fault date precedes product purchase date.,none (dataset claims have no claim history),Manual Review Required,True,v2,v2,
CLM-00128,Valid Claim,valid_with_repair_history,Valid Claim,0.6692,0.087,0.2438,0.6692,cards/test/Valid Claim/CLM-00128_v1.png,Valid Claim,0.9919,0.0019,0.0062,0.9919,True,0.3227,Weak Match,failed: reported_after_reporting_period (warning),0 mandatory missing; not attached: warranty card,none,none (dataset claims have no claim history),Manual Review Required,False,v2,v2,
CLM-01246,Manual Review,serial_mismatch,Manual Review,0.1176,0.0207,0.8617,0.8617,cards/test/Manual Review/CLM-01246_v1.png,Manual Review,0.0152,0.0233,0.9614,0.9614,True,0.0997,Strong Match,"failed: serial_number_match (review), reported_after_reporting_period (warning)",0 mandatory missing; not attached: repair report,Serial number mismatch between claim input and evidence.,none (dataset claims have no claim history),Manual Review Required,True,v2,v2,
CLM-00628,Invalid Claim,excluded_damage,Invalid Claim,0.213,0.7511,0.0359,0.7511,cards/test/Invalid Claim/CLM-00628_v1.png,Invalid Claim,0.1556,0.824,0.0204,0.824,True,0.0729,Acceptable Match,"failed: excluded_damage_physical (blocking), excluded_fault_type (blocking), reported_after_reporting_period (warning)","0 mandatory missing; not attached: product image, repair report",none,none (dataset claims have no claim history),Likely Invalid,True,v2,v2,
CLM-00566,Invalid Claim,excessive_repairs,Invalid Claim,0.1163,0.8746,0.0091,0.8746,cards/test/Invalid Claim/CLM-00566_v1.png,Invalid Claim,0.0006,0.9993,0.0001,0.9993,True,0.1247,Acceptable Match,"failed: reported_after_reporting_period (warning), max_repairs_exceeded (blocking)",0 mandatory missing,none,none (dataset claims have no claim history),Likely Invalid,True,v2,v2,
CLM-01155,Manual Review,contradiction_bad_dates,Manual Review,0.0949,0.0208,0.8843,0.8843,cards/test/Manual Review/CLM-01155_v1.png,Manual Review,0.004,0.0694,0.9266,0.9266,True,0.0423,Strong Match,all rules passed,0 mandatory missing; not attached: repair report,Fault date precedes product purchase date.,none (dataset claims have no claim history),Manual Review Required,True,v2,v2,
CLM-00832,Invalid Claim,excluded_damage,Invalid Claim,0.048,0.9212,0.0307,0.9212,cards/test/Invalid Claim/CLM-00832_v1.png,Invalid Claim,0.0678,0.9186,0.0136,0.9186,True,0.0026,Strong Match,"failed: excluded_damage_liquid (blocking), excluded_fault_type (blocking)","0 mandatory missing; not attached: product image, repair report",none,none (dataset claims have no claim history),Likely Invalid,True,v2,v2,
CLM-00917,Invalid Claim,excessive_repairs,Invalid Claim,0.0978,0.8933,0.0089,0.8933,cards/test/Invalid Claim/CLM-00917_v1.png,Invalid Claim,0.0016,0.9981,0.0004,0.9981,True,0.1048,Acceptable Match,"failed: reported_after_reporting_period (warning), max_repairs_exceeded (blocking)",0 mandatory missing,none,none (dataset claims have no claim history),Likely Invalid,True,v2,v2,
CLM-01466,Manual Review,serial_mismatch,Manual Review,0.1536,0.078,0.7684,0.7684,cards/test/Manual Review/CLM-01466_v1.png,Manual Review,0.0314,0.0603,0.9083,0.9083,True,0.1399,Acceptable Match,"failed: serial_number_match (review), reported_after_reporting_period (warning)",0 mandatory missing; not attached: repair report,Serial number mismatch between claim input and evidence.,none (dataset claims have no claim history),Manual Review Required,True,v2,v2,
CLM-00436,Valid Claim,normal_valid,Valid Claim,0.5809,0.1387,0.2804,0.5809,cards/test/Valid Claim/CLM-00436_v1.png,Valid Claim,0.9781,0.0198,0.0021,0.9781,True,0.3972,Uncertain Result,failed: reported_after_reporting_period (warning),"0 mandatory missing; not attached: warranty card, repair report",none,none (dataset claims have no claim history),Manual Review Required,False,v2,v2,
CLM-00198,Valid Claim,valid_near_expiry,Valid Claim,0.8747,0.0477,0.0776,0.8747,cards/test/Valid Claim/CLM-00198_v1.png,Valid Claim,0.9895,0.0094,0.0011,0.9895,True,0.1148,Acceptable Match,all rules passed,"0 mandatory missing; not attached: product image, repair report",none,none (dataset claims have no claim history),Likely Valid,True,v2,v2,
CLM-00089,Valid Claim,valid_with_repair_history,Valid Claim,0.8261,0.1122,0.0617,0.8261,cards/test/Valid Claim/CLM-00089_v1.png,Valid Claim,0.9369,0.0581,0.0049,0.9369,True,0.1108,Acceptable Match,failed: reported_after_reporting_period (warning),0 mandatory missing,none,none (dataset claims have no claim history),Likely Valid,True,v2,v2,
CLM-00556,Invalid Claim,excluded_damage,Invalid Claim,0.0955,0.809,0.0954,0.809,cards/test/Invalid Claim/CLM-00556_v1.png,Invalid Claim,0.007,0.9853,0.0077,0.9853,True,0.1763,Acceptable Match,"failed: excluded_damage_liquid (blocking), excluded_fault_type (blocking)",0 mandatory missing; not attached: repair report,none,none (dataset claims have no claim history),Likely Invalid,True,v2,v2,
CLM-01291,Manual Review,contradiction_bad_dates,Manual Review,0.1029,0.0117,0.8854,0.8854,cards/test/Manual Review/CLM-01291_v1.png,Manual Review,0.0119,0.2721,0.7159,0.7159,True,0.1695,Acceptable Match,all rules passed,0 mandatory missing; not attached: repair report,Fault date precedes product purchase date.,none (dataset claims have no claim history),Manual Review Required,True,v2,v2,
CLM-01407,Manual Review,contradiction_bad_dates,Manual Review,0.1212,0.0206,0.8581,0.8581,cards/test/Manual Review/CLM-01407_v1.png,Manual Review,0.0076,0.0366,0.9558,0.9558,True,0.0977,Strong Match,all rules passed,"0 mandatory missing; not attached: warranty card, repair report",Fault date precedes product purchase date.,none (dataset claims have no claim history),Manual Review Required,True,v2,v2,
CLM-01480,Manual Review,borderline_disagreement,Manual Review,0.0728,0.1239,0.8033,0.8033,cards/test/Manual Review/CLM-01480_v1.png,Manual Review,0.4351,0.0057,0.5591,0.5591,True,0.2442,Uncertain Result,all rules passed,0 mandatory missing; not attached: warranty card,none,none (dataset claims have no claim history),Manual Review Required,True,v2,v2,
CLM-01129,Manual Review,missing_documents,Manual Review,0.1522,0.029,0.8187,0.8187,cards/test/Manual Review/CLM-01129_v1.png,Manual Review,0.0312,0.0063,0.9625,0.9625,True,0.1438,Acceptable Match,"failed: reported_after_reporting_period (warning), missing_mandatory_documents (review)",1 mandatory missing; not attached: repair report,none,none (dataset claims have no claim history),Manual Review Required,True,v2,v2,
CLM-00293,Valid Claim,valid_with_repair_history,Valid Claim,0.8381,0.0977,0.0642,0.8381,cards/test/Valid Claim/CLM-00293_v1.png,Valid Claim,0.9146,0.0842,0.0012,0.9146,True,0.0765,Strong Match,failed: reported_after_reporting_period (warning),0 mandatory missing,none,none (dataset claims have no claim history),Likely Valid,True,v2,v2,
CLM-01030,Manual Review,serial_mismatch,Manual Review,0.11,0.0245,0.8655,0.8655,cards/test/Manual Review/CLM-01030_v1.png,Manual Review,0.0645,0.107,0.8285,0.8285,True,0.037,Strong Match,"failed: serial_number_match (review), reported_after_reporting_period (warning)",0 mandatory missing; not attached: repair report,Serial number mismatch between claim input and evidence.,none (dataset claims have no claim history),Manual Review Required,True,v2,v2,
CLM-00712,Invalid Claim,excluded_damage,Invalid Claim,0.1311,0.6644,0.2044,0.6644,cards/test/Invalid Claim/CLM-00712_v1.png,Invalid Claim,0.0189,0.9577,0.0234,0.9577,True,0.2933,Weak Match,"failed: excluded_damage_physical (blocking), excluded_fault_type (blocking)",0 mandatory missing; not attached: repair report,none,none (dataset claims have no claim history),Likely Invalid,True,v2,v2,
CLM-00429,Valid Claim,valid_near_expiry,Valid Claim,0.847,0.041,0.112,0.847,cards/test/Valid Claim/CLM-00429_v1.png,Valid Claim,0.992,0.0065,0.0015,0.992,True,0.145,Acceptable Match,all rules passed,"0 mandatory missing; not attached: warranty card, repair report",none,none (dataset claims have no claim history),Likely Valid,True,v2,v2,
CLM-00768,Invalid Claim,expired_warranty,Invalid Claim,0.0202,0.9744,0.0054,0.9744,cards/test/Invalid Claim/CLM-00768_v1.png,Invalid Claim,0.0033,0.9947,0.0019,0.9947,True,0.0203,Strong Match,failed: warranty_expired_beyond_grace (blocking),0 mandatory missing; not attached: repair report,none,none (dataset claims have no claim history),Likely Invalid,True,v2,v2,
CLM-01383,Manual Review,contradiction_bad_dates,Manual Review,0.1212,0.0127,0.8661,0.8661,cards/test/Manual Review/CLM-01383_v1.png,Manual Review,0.0036,0.0635,0.9329,0.9329,True,0.0668,Strong Match,all rules passed,0 mandatory missing; not attached: repair report,Fault date precedes product purchase date.,none (dataset claims have no claim history),Manual Review Required,True,v2,v2,
CLM-00770,Invalid Claim,excessive_repairs,Invalid Claim,0.0904,0.9019,0.0078,0.9019,cards/test/Invalid Claim/CLM-00770_v1.png,Invalid Claim,0.0052,0.9936,0.0012,0.9936,True,0.0917,Strong Match,failed: max_repairs_exceeded (blocking),0 mandatory missing,none,none (dataset claims have no claim history),Likely Invalid,True,v2,v2,
CLM-00177,Valid Claim,valid_near_expiry,Valid Claim,0.8646,0.0456,0.0898,0.8646,cards/test/Valid Claim/CLM-00177_v1.png,Valid Claim,0.8668,0.1248,0.0084,0.8668,True,0.0022,Strong Match,failed: reported_after_reporting_period (warning),"0 mandatory missing; not attached: warranty card, repair report",none,none (dataset claims have no claim history),Likely Valid,True,v2,v2,
CLM-00305,Valid Claim,valid_with_repair_history,Valid Claim,0.6624,0.2518,0.0858,0.6624,cards/test/Valid Claim/CLM-00305_v1.png,Valid Claim,0.9801,0.0195,0.0004,0.9801,True,0.3177,Weak Match,failed: reported_after_reporting_period (warning),0 mandatory missing,none,none (dataset claims have no claim history),Manual Review Required,False,v2,v2,
CLM-00596,Invalid Claim,excessive_repairs,Invalid Claim,0.1062,0.8588,0.0349,0.8588,cards/test/Invalid Claim/CLM-00596_v1.png,Invalid Claim,0.0015,0.9983,0.0002,0.9983,True,0.1395,Acceptable Match,"failed: reported_after_reporting_period (warning), max_repairs_exceeded (blocking)",0 mandatory missing,none,none (dataset claims have no claim history),Likely Invalid,True,v2,v2,
CLM-00723,Invalid Claim,expired_warranty,Invalid Claim,0.0183,0.9569,0.0248,0.9569,cards/test/Invalid Claim/CLM-00723_v1.png,Invalid Claim,0.0029,0.9919,0.0052,0.9919,True,0.035,Strong Match,failed: warranty_expired_beyond_grace (blocking),"0 mandatory missing; not attached: warranty card, repair report",none,none (dataset claims have no claim history),Likely Invalid,True,v2,v2,
CLM-01183,Manual Review,contradiction_bad_dates,Manual Review,0.114,0.0346,0.8514,0.8514,cards/test/Manual Review/CLM-01183_v1.png,Manual Review,0.0115,0.0564,0.9321,0.9321,True,0.0807,Strong Match,all rules passed,"0 mandatory missing; not attached: warranty card, repair report",Fault date precedes product purchase date.,none (dataset claims have no claim history),Manual Review Required,True,v2,v2,
CLM-00894,Invalid Claim,expired_warranty,Invalid Claim,0.1653,0.7829,0.0518,0.7829,cards/test/Invalid Claim/CLM-00894_v1.png,Invalid Claim,0.0027,0.9946,0.0028,0.9946,True,0.2117,Weak Match,failed: warranty_expired_beyond_grace (blocking),0 mandatory missing; not attached: repair report,none,none (dataset claims have no claim history),Likely Invalid,True,v2,v2,
CLM-00549,Invalid Claim,expired_warranty,Invalid Claim,0.0359,0.8769,0.0872,0.8769,cards/test/Invalid Claim/CLM-00549_v1.png,Invalid Claim,0.0013,0.997,0.0017,0.997,True,0.1201,Acceptable Match,failed: warranty_expired_beyond_grace (blocking),0 mandatory missing; not attached: repair report,none,none (dataset claims have no claim history),Likely Invalid,True,v2,v2,
CLM-01212,Manual Review,borderline_disagreement,Manual Review,0.0396,0.0108,0.9496,0.9496,cards/test/Manual Review/CLM-01212_v1.png,Manual Review,0.0215,0.0064,0.972,0.972,True,0.0224,Strong Match,all rules passed,0 mandatory missing; not attached: warranty card,none,none (dataset claims have no claim history),Manual Review Required,True,v2,v2,
CLM-00800,Invalid Claim,excessive_repairs,Invalid Claim,0.0773,0.8726,0.0501,0.8726,cards/test/Invalid Claim/CLM-00800_v1.png,Invalid Claim,0.0459,0.9404,0.0137,0.9404,True,0.0678,Strong Match,"failed: reported_after_reporting_period (warning), max_repairs_exceeded (blocking)",0 mandatory missing; not attached: warranty card,none,none (dataset claims have no claim history),Likely Invalid,True,v2,v2,
CLM-00047,Valid Claim,valid_with_repair_history,Valid Claim,0.7541,0.1189,0.127,0.7541,cards/test/Valid Claim/CLM-00047_v1.png,Valid Claim,0.9944,0.0004,0.0052,0.9944,True,0.2403,Weak Match,failed: reported_after_reporting_period (warning),0 mandatory missing; not attached: repair report,none,none (dataset claims have no claim history),Manual Review Required,False,v2,v2,
CLM-00931,Invalid Claim,excluded_damage,Invalid Claim,0.104,0.8376,0.0585,0.8376,cards/test/Invalid Claim/CLM-00931_v1.png,Invalid Claim,0.0914,0.8209,0.0876,0.8209,True,0.0167,Strong Match,"failed: excluded_damage_physical (blocking), excluded_fault_type (blocking)","0 mandatory missing; not attached: warranty card, repair report",none,none (dataset claims have no claim history),Likely Invalid,True,v2,v2,
CLM-00852,Invalid Claim,expired_warranty,Invalid Claim,0.0321,0.8786,0.0893,0.8786,cards/test/Invalid Claim/CLM-00852_v1.png,Invalid Claim,0.0019,0.9958,0.0023,0.9958,True,0.1172,Acceptable Match,failed: warranty_expired_beyond_grace (blocking),0 mandatory missing; not attached: repair report,none,none (dataset claims have no claim history),Likely Invalid,True,v2,v2,
CLM-01417,Manual Review,missing_documents,Manual Review,0.0699,0.0531,0.8771,0.8771,cards/test/Manual Review/CLM-01417_v1.png,Manual Review,0.0175,0.0043,0.9782,0.9782,True,0.1011,Acceptable Match,"failed: reported_after_reporting_period (warning), missing_mandatory_documents (review)","2 mandatory missing; not attached: receipt, repair report",none,none (dataset claims have no claim history),Manual Review Required,True,v2,v2,
CLM-01161,Valid Claim,missing_documents,Manual Review,0.0933,0.0323,0.8744,0.8744,cards/test/Valid Claim/CLM-01161_v1.png,Manual Review,0.3065,0.0191,0.6744,0.6744,True,0.2,Weak Match,"failed: reported_after_reporting_period (warning), missing_mandatory_documents (review)","2 mandatory missing; not attached: receipt, warranty card, repair report",none,none (dataset claims have no claim history),Manual Review Required,False,v2,v2,
CLM-01362,Manual Review,serial_mismatch,Manual Review,0.1322,0.025,0.8427,0.8427,cards/test/Manual Review/CLM-01362_v1.png,Manual Review,0.0581,0.0683,0.8737,0.8737,True,0.031,Strong Match,"failed: serial_number_match (review), reported_after_reporting_period (warning)",0 mandatory missing; not attached: repair report,Serial number mismatch between claim input and evidence.,none (dataset claims have no claim history),Manual Review Required,True,v2,v2,
CLM-00652,Invalid Claim,excluded_damage,Invalid Claim,0.1069,0.7916,0.1015,0.7916,cards/test/Invalid Claim/CLM-00652_v1.png,Invalid Claim,0.0052,0.9884,0.0064,0.9884,True,0.1968,Acceptable Match,"failed: excluded_damage_liquid (blocking), excluded_fault_type (blocking), reported_after_reporting_period (warning)",0 mandatory missing; not attached: repair report,none,none (dataset claims have no claim history),Likely Invalid,True,v2,v2,
CLM-00400,Valid Claim,normal_valid,Valid Claim,0.858,0.0684,0.0736,0.858,cards/test/Valid Claim/CLM-00400_v1.png,Valid Claim,0.793,0.2062,0.0008,0.793,True,0.065,Acceptable Match,failed: reported_after_reporting_period (warning),0 mandatory missing,none,none (dataset claims have no claim history),Likely Valid,True,v2,v2,
CLM-00740,Invalid Claim,excessive_repairs,Invalid Claim,0.1199,0.8719,0.0082,0.8719,cards/test/Invalid Claim/CLM-00740_v1.png,Invalid Claim,0.0032,0.9966,0.0003,0.9966,True,0.1247,Acceptable Match,"failed: reported_after_reporting_period (warning), max_repairs_exceeded (blocking)",0 mandatory missing,none,none (dataset claims have no claim history),Likely Invalid,True,v2,v2,
CLM-00141,Valid Claim,valid_near_expiry,Valid Claim,0.8686,0.053,0.0784,0.8686,cards/test/Valid Claim/CLM-00141_v1.png,Valid Claim,0.9908,0.0078,0.0014,0.9908,True,0.1222,Acceptable Match,all rules passed,"0 mandatory missing; not attached: warranty card, repair report",none,none (dataset claims have no claim history),Likely Valid,True,v2,v2,
CLM-00851,Invalid Claim,excessive_repairs,Invalid Claim,0.1204,0.867,0.0126,0.867,cards/test/Invalid Claim/CLM-00851_v1.png,Invalid Claim,0.0072,0.9877,0.0051,0.9877,True,0.1207,Acceptable Match,failed: max_repairs_exceeded (blocking),0 mandatory missing; not attached: product image,none,none (dataset claims have no claim history),Likely Invalid,True,v2,v2,
CLM-00717,Valid Claim,expired_warranty,Invalid Claim,0.0328,0.8961,0.0711,0.8961,cards/test/Valid Claim/CLM-00717_v1.png,Invalid Claim,0.0058,0.9917,0.0025,0.9917,True,0.0956,Strong Match,failed: warranty_expired_beyond_grace (blocking),"0 mandatory missing; not attached: warranty card, product image, repair report",none,none (dataset claims have no claim history),Likely Invalid,False,v2,v2,
CLM-01278,Invalid Claim,serial_mismatch,Manual Review,0.1273,0.0254,0.8473,0.8473,cards/test/Invalid Claim/CLM-01278_v1.png,Manual Review,0.0246,0.0198,0.9556,0.9556,True,0.1083,Acceptable Match,"failed: serial_number_match (review), reported_after_reporting_period (warning)",0 mandatory missing; not attached: repair report,Serial number mismatch between claim input and evidence.,none (dataset claims have no claim history),Manual Review Required,False,v2,v2,
CLM-00866,Invalid Claim,excessive_repairs,Invalid Claim,0.1027,0.8891,0.0082,0.8891,cards/test/Invalid Claim/CLM-00866_v1.png,Invalid Claim,0.0017,0.9981,0.0002,0.9981,True,0.109,Acceptable Match,"failed: reported_after_reporting_period (warning), max_repairs_exceeded (blocking)",0 mandatory missing,none,none (dataset claims have no claim history),Likely Invalid,True,v2,v2,
CLM-01336,Manual Review,borderline_disagreement,Manual Review,0.2084,0.0105,0.7812,0.7812,cards/test/Manual Review/CLM-01336_v1.png,Manual Review,0.0271,0.1598,0.8131,0.8131,True,0.0319,Acceptable Match,failed: warranty_expired_beyond_grace (blocking),0 mandatory missing; not attached: warranty card,none,none (dataset claims have no claim history),Likely Invalid,False,v2,v2,
CLM-00792,Invalid Claim,expired_warranty,Invalid Claim,0.0282,0.8651,0.1068,0.8651,cards/test/Invalid Claim/CLM-00792_v1.png,Invalid Claim,0.006,0.9892,0.0047,0.9892,True,0.1241,Acceptable Match,failed: warranty_expired_beyond_grace (blocking),0 mandatory missing; not attached: repair report,none,none (dataset claims have no claim history),Likely Invalid,True,v2,v2,
CLM-00189,Valid Claim,valid_near_expiry,Valid Claim,0.5493,0.1175,0.3332,0.5493,cards/test/Valid Claim/CLM-00189_v1.png,Valid Claim,0.9321,0.0618,0.0061,0.9321,True,0.3828,Uncertain Result,all rules passed,"0 mandatory missing; not attached: warranty card, repair report",none,none (dataset claims have no claim history),Manual Review Required,False,v2,v2,
CLM-00540,Invalid Claim,expired_warranty,Invalid Claim,0.0183,0.9169,0.0648,0.9169,cards/test/Invalid Claim/CLM-00540_v1.png,Invalid Claim,0.0033,0.9923,0.0044,0.9923,True,0.0754,Strong Match,failed: warranty_expired_beyond_grace (blocking),"0 mandatory missing; not attached: warranty card, repair report",none,none (dataset claims have no claim history),Likely Invalid,True,v2,v2,
CLM-01358,Manual Review,serial_mismatch,Manual Review,0.1032,0.054,0.8428,0.8428,cards/test/Manual Review/CLM-01358_v1.png,Manual Review,0.0086,0.1269,0.8645,0.8645,True,0.0217,Strong Match,"failed: serial_number_match (review), reported_after_reporting_period (warning)","0 mandatory missing; not attached: warranty card, repair report",Serial number mismatch between claim input and evidence.,none (dataset claims have no claim history),Manual Review Required,True,v2,v2,
CLM-00631,Invalid Claim,excluded_damage,Invalid Claim,0.1766,0.75,0.0734,0.75,cards/test/Invalid Claim/CLM-00631_v1.png,Invalid Claim,0.2201,0.7166,0.0633,0.7166,True,0.0334,Acceptable Match,"failed: excluded_damage_liquid (blocking), excluded_fault_type (blocking)","0 mandatory missing; not attached: warranty card, repair report",none,none (dataset claims have no claim history),Likely Invalid,True,v2,v2,
CLM-00204,Valid Claim,valid_near_expiry,Valid Claim,0.8766,0.0536,0.0699,0.8766,cards/test/Valid Claim/CLM-00204_v1.png,Valid Claim,0.9726,0.0252,0.0022,0.9726,True,0.096,Strong Match,all rules passed,0 mandatory missing; not attached: repair report,none,none (dataset claims have no claim history),Likely Valid,True,v2,v2,
CLM-01119,Manual Review,contradiction_bad_dates,Manual Review,0.1578,0.1795,0.6627,0.6627,cards/test/Manual Review/CLM-01119_v1.png,Manual Review,0.0089,0.164,0.827,0.827,True,0.1643,Weak Match,all rules passed,0 mandatory missing; not attached: repair report,Fault date precedes product purchase date.,none (dataset claims have no claim history),Manual Review Required,True,v2,v2,
CLM-00016,Valid Claim,normal_valid,Valid Claim,0.6719,0.1223,0.2058,0.6719,cards/test/Valid Claim/CLM-00016_v1.png,Valid Claim,0.987,0.0118,0.0012,0.987,True,0.3151,Weak Match,failed: reported_after_reporting_period (warning),"0 mandatory missing; not attached: product image, repair report",none,none (dataset claims have no claim history),Manual Review Required,False,v2,v2,
CLM-01137,Manual Review,missing_documents,Manual Review,0.1504,0.0285,0.8212,0.8212,cards/test/Manual Review/CLM-01137_v1.png,Manual Review,0.0438,0.0059,0.9503,0.9503,True,0.1291,Acceptable Match,"failed: reported_after_reporting_period (warning), missing_mandatory_documents (review)",1 mandatory missing; not attached: repair report,none,none (dataset claims have no claim history),Manual Review Required,True,v2,v2,
CLM-01028,Invalid Claim,borderline_disagreement,Manual Review,0.0386,0.0181,0.9432,0.9432,cards/test/Invalid Claim/CLM-01028_v1.png,Manual Review,0.0588,0.0244,0.9167,0.9167,True,0.0265,Strong Match,all rules passed,0 mandatory missing; not attached: warranty card,none,none (dataset claims have no claim history),Manual Review Required,False,v2,v2,
CLM-01008,Manual Review,borderline_disagreement,Manual Review,0.0415,0.0354,0.9232,0.9232,cards/test/Manual Review/CLM-01008_v1.png,Manual Review,0.0924,0.0601,0.8476,0.8476,True,0.0756,Strong Match,all rules passed,0 mandatory missing; not attached: warranty card,none,none (dataset claims have no claim history),Manual Review Required,True,v2,v2,
CLM-00724,Valid Claim,excluded_damage,Invalid Claim,0.183,0.7174,0.0996,0.7174,cards/test/Valid Claim/CLM-00724_v1.png,Invalid Claim,0.0097,0.9768,0.0135,0.9768,True,0.2594,Weak Match,"failed: excluded_damage_physical (blocking), excluded_fault_type (blocking), reported_after_reporting_period (warning)",0 mandatory missing; not attached: repair report,none,none (dataset claims have no claim history),Likely Invalid,False,v2,v2,
CLM-00259,Valid Claim,normal_valid,Valid Claim,0.6522,0.1357,0.2121,0.6522,cards/test/Valid Claim/CLM-00259_v1.png,Valid Claim,0.9719,0.0153,0.0128,0.9719,True,0.3197,Weak Match,failed: reported_after_reporting_period (warning),"0 mandatory missing; not attached: warranty card, repair report",none,none (dataset claims have no claim history),Manual Review Required,False,v2,v2,
CLM-01366,Manual Review,serial_mismatch,Manual Review,0.1362,0.0282,0.8355,0.8355,cards/test/Manual Review/CLM-01366_v1.png,Manual Review,0.009,0.2037,0.7872,0.7872,True,0.0483,Acceptable Match,"failed: serial_number_match (review), reported_after_reporting_period (warning)","0 mandatory missing; not attached: warranty card, repair report",Serial number mismatch between claim input and evidence.,none (dataset claims have no claim history),Manual Review Required,True,v2,v2,
CLM-00070,Valid Claim,normal_valid,Valid Claim,0.8369,0.1084,0.0547,0.8369,cards/test/Valid Claim/CLM-00070_v1.png,Valid Claim,0.9624,0.0343,0.0033,0.9624,True,0.1255,Acceptable Match,failed: reported_after_reporting_period (warning),0 mandatory missing,none,none (dataset claims have no claim history),Likely Valid,True,v2,v2,
CLM-00364,Valid Claim,normal_valid,Valid Claim,0.6341,0.15,0.2159,0.6341,cards/test/Valid Claim/CLM-00364_v1.png,Valid Claim,0.9866,0.0051,0.0084,0.9866,True,0.3525,Weak Match,failed: reported_after_reporting_period (warning),0 mandatory missing; not attached: repair report,none,none (dataset claims have no claim history),Manual Review Required,False,v2,v2,
CLM-00361,Valid Claim,normal_valid,Valid Claim,0.8468,0.0983,0.0549,0.8468,cards/test/Valid Claim/CLM-00361_v1.png,Valid Claim,0.9352,0.0591,0.0056,0.9352,True,0.0884,Strong Match,failed: reported_after_reporting_period (warning),0 mandatory missing,none,none (dataset claims have no claim history),Likely Valid,True,v2,v2,
CLM-00301,Valid Claim,normal_valid,Valid Claim,0.7915,0.1068,0.1017,0.7915,cards/test/Valid Claim/CLM-00301_v1.png,Valid Claim,0.9845,0.0085,0.0071,0.9845,True,0.193,Acceptable Match,failed: reported_after_reporting_period (warning),0 mandatory missing; not attached: repair report,none,none (dataset claims have no claim history),Likely Valid,True,v2,v2,
CLM-00559,Invalid Claim,excluded_damage,Invalid Claim,0.1014,0.8321,0.0665,0.8321,cards/test/Invalid Claim/CLM-00559_v1.png,Invalid Claim,0.1075,0.8849,0.0076,0.8849,True,0.0528,Strong Match,"failed: excluded_damage_liquid (blocking), excluded_fault_type (blocking), reported_after_reporting_period (warning)",0 mandatory missing; not attached: repair report,none,none (dataset claims have no claim history),Likely Invalid,True,v2,v2,
CLM-01311,Manual Review,contradiction_bad_dates,Manual Review,0.105,0.0138,0.8811,0.8811,cards/test/Manual Review/CLM-01311_v1.png,Manual Review,0.0021,0.1129,0.885,0.885,True,0.0039,Strong Match,all rules passed,0 mandatory missing; not attached: repair report,Fault date precedes product purchase date.,none (dataset claims have no claim history),Manual Review Required,True,v2,v2,
CLM-00326,Valid Claim,valid_with_repair_history,Valid Claim,0.7848,0.1321,0.0831,0.7848,cards/test/Valid Claim/CLM-00326_v1.png,Valid Claim,0.9984,0.0011,0.0004,0.9984,True,0.2136,Weak Match,failed: reported_after_reporting_period (warning),0 mandatory missing,none,none (dataset claims have no claim history),Manual Review Required,False,v2,v2,
CLM-01478,Manual Review,serial_mismatch,Manual Review,0.102,0.0195,0.8785,0.8785,cards/test/Manual Review/CLM-01478_v1.png,Manual Review,0.0372,0.0553,0.9074,0.9074,True,0.0289,Strong Match,"failed: serial_number_match (review), reported_after_reporting_period (warning)",0 mandatory missing; not attached: repair report,Serial number mismatch between claim input and evidence.,none (dataset claims have no claim history),Manual Review Required,True,v2,v2,
CLM-01024,Manual Review,borderline_disagreement,Manual Review,0.0415,0.0668,0.8917,0.8917,cards/test/Manual Review/CLM-01024_v1.png,Manual Review,0.0922,0.0394,0.8684,0.8684,True,0.0233,Strong Match,all rules passed,0 mandatory missing; not attached: warranty card,none,none (dataset claims have no claim history),Manual Review Required,True,v2,v2,
CLM-00521,Valid Claim,excessive_repairs,Invalid Claim,0.1066,0.8854,0.008,0.8854,cards/test/Valid Claim/CLM-00521_v1.png,Invalid Claim,0.0019,0.998,0.0002,0.998,True,0.1126,Acceptable Match,failed: max_repairs_exceeded (blocking),0 mandatory missing,none,none (dataset claims have no claim history),Likely Invalid,False,v2,v2,
CLM-00349,Valid Claim,normal_valid,Valid Claim,0.7783,0.1242,0.0975,0.7783,cards/test/Valid Claim/CLM-00349_v1.png,Valid Claim,0.979,0.0119,0.0092,0.979,True,0.2007,Weak Match,failed: reported_after_reporting_period (warning),0 mandatory missing; not attached: warranty card,none,none (dataset claims have no claim history),Manual Review Required,False,v2,v2,
CLM-00347,Valid Claim,valid_with_repair_history,Valid Claim,0.8307,0.1036,0.0657,0.8307,cards/test/Valid Claim/CLM-00347_v1.png,Valid Claim,0.9624,0.037,0.0006,0.9624,True,0.1317,Acceptable Match,failed: reported_after_reporting_period (warning),0 mandatory missing,none,none (dataset claims have no claim history),Likely Valid,True,v2,v2,
CLM-00888,Invalid Claim,expired_warranty,Invalid Claim,0.0393,0.9301,0.0306,0.9301,cards/test/Invalid Claim/CLM-00888_v1.png,Invalid Claim,0.0045,0.9922,0.0032,0.9922,True,0.0621,Strong Match,failed: warranty_expired_beyond_grace (blocking),0 mandatory missing; not attached: repair report,none,none (dataset claims have no claim history),Likely Invalid,True,v2,v2,
CLM-00718,Invalid Claim,excluded_damage,Invalid Claim,0.2405,0.6632,0.0963,0.6632,cards/test/Invalid Claim/CLM-00718_v1.png,Invalid Claim,0.459,0.5203,0.0207,0.5203,True,0.1429,Uncertain Result,"failed: excluded_damage_physical (blocking), excluded_fault_type (blocking), reported_after_reporting_period (warning)","0 mandatory missing; not attached: product image, repair report",none,none (dataset claims have no claim history),Likely Invalid,True,v2,v2,
CLM-00943,Invalid Claim,excluded_damage,Invalid Claim,0.2089,0.7334,0.0577,0.7334,cards/test/Invalid Claim/CLM-00943_v1.png,Invalid Claim,0.0137,0.9796,0.0067,0.9796,True,0.2462,Weak Match,"failed: excluded_damage_physical (blocking), excluded_fault_type (blocking), reported_after_reporting_period (warning)",0 mandatory missing; not attached: repair report,none,none (dataset claims have no claim history),Likely Invalid,True,v2,v2,
CLM-01164,Manual Review,borderline_disagreement,Manual Review,0.0329,0.0083,0.9588,0.9588,cards/test/Manual Review/CLM-01164_v1.png,Manual Review,0.023,0.0286,0.9484,0.9484,True,0.0104,Strong Match,all rules passed,0 mandatory missing; not attached: warranty card,none,none (dataset claims have no claim history),Manual Review Required,True,v2,v2,
CLM-00525,Invalid Claim,expired_warranty,Invalid Claim,0.0246,0.9697,0.0057,0.9697,cards/test/Invalid Claim/CLM-00525_v1.png,Invalid Claim,0.0007,0.9981,0.0012,0.9981,True,0.0284,Strong Match,failed: warranty_expired_beyond_grace (blocking),"0 mandatory missing; not attached: warranty card, repair report",none,none (dataset claims have no claim history),Likely Invalid,True,v2,v2,
CLM-00903,Invalid Claim,expired_warranty,Invalid Claim,0.1593,0.8363,0.0044,0.8363,cards/test/Invalid Claim/CLM-00903_v1.png,Invalid Claim,0.0017,0.9966,0.0018,0.9966,True,0.1603,Acceptable Match,failed: warranty_expired_beyond_grace (blocking),0 mandatory missing; not attached: repair report,none,none (dataset claims have no claim history),Likely Invalid,True,v2,v2,
CLM-00446,Valid Claim,valid_with_repair_history,Valid Claim,0.685,0.2534,0.0616,0.685,cards/test/Valid Claim/CLM-00446_v1.png,Valid Claim,0.9939,0.0058,0.0002,0.9939,True,0.3089,Weak Match,failed: reported_after_reporting_period (warning),0 mandatory missing,none,none (dataset claims have no claim history),Manual Review Required,False,v2,v2,
CLM-00758,Invalid Claim,excessive_repairs,Invalid Claim,0.0931,0.8941,0.0128,0.8941,cards/test/Invalid Claim/CLM-00758_v1.png,Invalid Claim,0.0008,0.999,0.0002,0.999,True,0.1049,Acceptable Match,"failed: reported_after_reporting_period (warning), max_repairs_exceeded (blocking)",0 mandatory missing,none,none (dataset claims have no claim history),Likely Invalid,True,v2,v2,
CLM-00988,Invalid Claim,excluded_damage,Invalid Claim,0.2048,0.736,0.0592,0.736,cards/test/Invalid Claim/CLM-00988_v1.png,Invalid Claim,0.0335,0.9204,0.0461,0.9204,True,0.1844,Acceptable Match,"failed: excluded_damage_physical (blocking), excluded_fault_type (blocking), reported_after_reporting_period (warning)","0 mandatory missing; not attached: warranty card, repair report",none,none (dataset claims have no claim history),Likely Invalid,True,v2,v2,
CLM-00292,Valid Claim,normal_valid,Valid Claim,0.6588,0.1396,0.2016,0.6588,cards/test/Valid Claim/CLM-00292_v1.png,Valid Claim,0.9799,0.0102,0.0099,0.9799,True,0.3211,Weak Match,all rules passed,0 mandatory missing; not attached: repair report,none,none (dataset claims have no claim history),Manual Review Required,False,v2,v2,
CLM-01106,Manual Review,serial_mismatch,Manual Review,0.1245,0.0298,0.8457,0.8457,cards/test/Manual Review/CLM-01106_v1.png,Manual Review,0.0361,0.0216,0.9422,0.9422,True,0.0965,Strong Match,"failed: serial_number_match (review), reported_after_reporting_period (warning)","0 mandatory missing; not attached: product image, repair report",Serial number mismatch between claim input and evidence.,none (dataset claims have no claim history),Manual Review Required,True,v2,v2,
CLM-00839,Invalid Claim,excessive_repairs,Invalid Claim,0.4392,0.51,0.0508,0.51,cards/test/Invalid Claim/CLM-00839_v1.png,Invalid Claim,0.0015,0.9977,0.0008,0.9977,True,0.4877,Uncertain Result,"failed: reported_after_reporting_period (warning), max_repairs_exceeded (blocking)",0 mandatory missing,none,none (dataset claims have no claim history),Likely Invalid,True,v2,v2,
CLM-01377,Manual Review,missing_documents,Manual Review,0.1369,0.0387,0.8243,0.8243,cards/test/Manual Review/CLM-01377_v1.png,Manual Review,0.1129,0.015,0.8722,0.8722,True,0.0479,Strong Match,failed: missing_mandatory_documents (review),1 mandatory missing; not attached: repair report,none,none (dataset claims have no claim history),Manual Review Required,True,v2,v2,
CLM-00745,Invalid Claim,excluded_damage,Invalid Claim,0.1273,0.8362,0.0365,0.8362,cards/test/Invalid Claim/CLM-00745_v1.png,Invalid Claim,0.3512,0.6116,0.0372,0.6116,True,0.2246,Weak Match,"failed: excluded_damage_liquid (blocking), excluded_fault_type (blocking), reported_after_reporting_period (warning)","0 mandatory missing; not attached: warranty card, product image, repair report",none,none (dataset claims have no claim history),Likely Invalid,True,v2,v2,
CLM-01093,Manual Review,missing_documents,Manual Review,0.0622,0.0351,0.9027,0.9027,cards/test/Manual Review/CLM-01093_v1.png,Manual Review,0.0154,0.0044,0.9802,0.9802,True,0.0775,Strong Match,"failed: reported_after_reporting_period (warning), missing_mandatory_documents (review)","3 mandatory missing; not attached: receipt, repair report",none,none (dataset claims have no claim history),Manual Review Required,True,v2,v2,
CLM-00968,Invalid Claim,excessive_repairs,Invalid Claim,0.1935,0.7859,0.0207,0.7859,cards/test/Invalid Claim/CLM-00968_v1.png,Invalid Claim,0.029,0.9655,0.0055,0.9655,True,0.1796,Acceptable Match,"failed: reported_after_reporting_period (warning), max_repairs_exceeded (blocking), prior_replacement_limit (blocking)",0 mandatory missing,none,none (dataset claims have no claim history),Likely Invalid,True,v2,v2,
CLM-00332,Valid Claim,valid_with_repair_history,Valid Claim,0.5975,0.1642,0.2383,0.5975,cards/test/Valid Claim/CLM-00332_v1.png,Manual Review,0.0186,0.0288,0.9526,0.9526,False,0.3551,Model Disagreement,failed: reported_after_reporting_period (warning),"0 mandatory missing; not attached: warranty card, product image",none,none (dataset claims have no claim history),Manual Review Required,False,v2,v2,"Python said Valid Claim (60%), Teachable Machine said Manual Review (95%); actual Valid Claim (scenario valid_with_repair_history); Python matched the actual class. At least one model was below the 60% minimum confidence."
CLM-00592,Invalid Claim,excluded_damage,Invalid Claim,0.1283,0.8383,0.0333,0.8383,cards/test/Invalid Claim/CLM-00592_v1.png,Invalid Claim,0.1659,0.8202,0.0139,0.8202,True,0.0181,Strong Match,"failed: excluded_damage_liquid (blocking), excluded_fault_type (blocking)","0 mandatory missing; not attached: product image, repair report",none,none (dataset claims have no claim history),Likely Invalid,True,v2,v2,
CLM-00983,Invalid Claim,excessive_repairs,Valid Claim,0.5608,0.3575,0.0817,0.5608,cards/test/Invalid Claim/CLM-00983_v1.png,Invalid Claim,0.0723,0.9154,0.0124,0.9154,False,0.3546,Model Disagreement,"failed: reported_after_reporting_period (warning), max_repairs_exceeded (blocking)",0 mandatory missing; not attached: warranty card,none,none (dataset claims have no claim history),Likely Invalid,True,v2,v2,"Python said Valid Claim (56%), Teachable Machine said Invalid Claim (92%); actual Invalid Claim (scenario excessive_repairs); Teachable Machine matched the actual class. At least one model was below the 60% minimum confidence."
CLM-00015,Valid Claim,valid_near_expiry,Valid Claim,0.8747,0.0361,0.0892,0.8747,cards/test/Valid Claim/CLM-00015_v1.png,Valid Claim,0.9967,0.0027,0.0006,0.9967,True,0.122,Acceptable Match,all rules passed,"0 mandatory missing; not attached: warranty card, product image, repair report",none,none (dataset claims have no claim history),Likely Valid,True,v2,v2,
CLM-00815,Invalid Claim,excessive_repairs,Invalid Claim,0.0892,0.8962,0.0146,0.8962,cards/test/Invalid Claim/CLM-00815_v1.png,Invalid Claim,0.0009,0.9988,0.0003,0.9988,True,0.1026,Acceptable Match,failed: max_repairs_exceeded (blocking),0 mandatory missing,none,none (dataset claims have no claim history),Likely Invalid,True,v2,v2,
CLM-00548,Invalid Claim,excessive_repairs,Invalid Claim,0.1167,0.8608,0.0225,0.8608,cards/test/Invalid Claim/CLM-00548_v1.png,Invalid Claim,0.0012,0.9986,0.0002,0.9986,True,0.1378,Acceptable Match,"failed: reported_after_reporting_period (warning), max_repairs_exceeded (blocking)",0 mandatory missing,none,none (dataset claims have no claim history),Likely Invalid,True,v2,v2,
CLM-00649,Invalid Claim,excluded_damage,Invalid Claim,0.1092,0.8729,0.0179,0.8729,cards/test/Invalid Claim/CLM-00649_v1.png,Invalid Claim,0.0614,0.9315,0.0071,0.9315,True,0.0586,Strong Match,"failed: excluded_damage_liquid (blocking), excluded_fault_type (blocking), reported_after_reporting_period (warning)",0 mandatory missing; not attached: repair report,none,none (dataset claims have no claim history),Likely Invalid,True,v2,v2,
CLM-00283,Valid Claim,normal_valid,Valid Claim,0.6923,0.1237,0.184,0.6923,cards/test/Valid Claim/CLM-00283_v1.png,Valid Claim,0.9766,0.0121,0.0113,0.9766,True,0.2843,Weak Match,failed: reported_after_reporting_period (warning),0 mandatory missing; not attached: repair report,none,none (dataset claims have no claim history),Manual Review Required,False,v2,v2,
CLM-00577,Invalid Claim,excluded_damage,Invalid Claim,0.0989,0.7833,0.1177,0.7833,cards/test/Invalid Claim/CLM-00577_v1.png,Invalid Claim,0.15,0.799,0.051,0.799,True,0.0157,Acceptable Match,"failed: excluded_damage_liquid (blocking), excluded_fault_type (blocking), reported_after_reporting_period (warning)","0 mandatory missing; not attached: warranty card, repair report",none,none (dataset claims have no claim history),Likely Invalid,True,v2,v2,
CLM-00191,Valid Claim,valid_with_repair_history,Valid Claim,0.8419,0.1003,0.0578,0.8419,cards/test/Valid Claim/CLM-00191_v1.png,Valid Claim,0.9431,0.056,0.0009,0.9431,True,0.1012,Acceptable Match,failed: reported_after_reporting_period (warning),0 mandatory missing,none,none (dataset claims have no claim history),Likely Valid,True,v2,v2,
CLM-00916,Invalid Claim,excluded_damage,Invalid Claim,0.122,0.7986,0.0794,0.7986,cards/test/Invalid Claim/CLM-00916_v1.png,Invalid Claim,0.0241,0.9562,0.0197,0.9562,True,0.1576,Acceptable Match,"failed: excluded_damage_liquid (blocking), excluded_fault_type (blocking), reported_after_reporting_period (warning)",0 mandatory missing; not attached: repair report,none,none (dataset claims have no claim history),Likely Invalid,True,v2,v2,
CLM-01065,Manual Review,missing_documents,Manual Review,0.0494,0.0064,0.9441,0.9441,cards/test/Manual Review/CLM-01065_v1.png,Manual Review,0.0116,0.0038,0.9846,0.9846,True,0.0405,Strong Match,"failed: reported_after_reporting_period (warning), missing_mandatory_documents (review)","3 mandatory missing; not attached: receipt, repair report",none,none (dataset claims have no claim history),Manual Review Required,True,v2,v2,
CLM-00084,Valid Claim,valid_near_expiry,Valid Claim,0.8797,0.0444,0.0759,0.8797,cards/test/Valid Claim/CLM-00084_v1.png,Valid Claim,0.9343,0.0587,0.0069,0.9343,True,0.0546,Strong Match,all rules passed,"0 mandatory missing; not attached: warranty card, repair report",none,none (dataset claims have no claim history),Likely Valid,True,v2,v2,
CLM-00509,Invalid Claim,excessive_repairs,Invalid Claim,0.1313,0.8451,0.0236,0.8451,cards/test/Invalid Claim/CLM-00509_v1.png,Invalid Claim,0.2321,0.7474,0.0205,0.7474,True,0.0977,Acceptable Match,"failed: reported_after_reporting_period (warning), max_repairs_exceeded (blocking)",0 mandatory missing; not attached: warranty card,none,none (dataset claims have no claim history),Likely Invalid,True,v2,v2,
CLM-00353,Valid Claim,valid_with_repair_history,Valid Claim,0.7964,0.1212,0.0824,0.7964,cards/test/Valid Claim/CLM-00353_v1.png,Invalid Claim,0.3838,0.533,0.0833,0.533,False,0.2634,Model Disagreement,failed: reported_after_reporting_period (warning),0 mandatory missing,none,none (dataset claims have no claim history),Manual Review Required,False,v2,v2,"Python said Valid Claim (80%), Teachable Machine said Invalid Claim (53%); actual Valid Claim (scenario valid_with_repair_history); Python matched the actual class. At least one model was below the 60% minimum confidence."
CLM-01254,Manual Review,serial_mismatch,Manual Review,0.1185,0.0515,0.83,0.83,cards/test/Manual Review/CLM-01254_v1.png,Manual Review,0.0288,0.0222,0.949,0.949,True,0.119,Acceptable Match,"failed: serial_number_match (review), reported_after_reporting_period (warning)",0 mandatory missing; not attached: repair report,Serial number mismatch between claim input and evidence.,none (dataset claims have no claim history),Manual Review Required,True,v2,v2,
CLM-01063,Manual Review,contradiction_bad_dates,Manual Review,0.1016,0.0133,0.8851,0.8851,cards/test/Manual Review/CLM-01063_v1.png,Manual Review,0.0279,0.2405,0.7316,0.7316,True,0.1535,Acceptable Match,all rules passed,0 mandatory missing; not attached: repair report,Fault date precedes product purchase date.,none (dataset claims have no claim history),Manual Review Required,True,v2,v2,
CLM-00541,Invalid Claim,excluded_damage,Invalid Claim,0.0984,0.846,0.0556,0.846,cards/test/Invalid Claim/CLM-00541_v1.png,Invalid Claim,0.0082,0.9872,0.0046,0.9872,True,0.1412,Acceptable Match,"failed: excluded_damage_liquid (blocking), excluded_fault_type (blocking), reported_after_reporting_period (warning)",0 mandatory missing; not attached: repair report,none,none (dataset claims have no claim history),Likely Invalid,True,v2,v2,
CLM-00543,Invalid Claim,expired_warranty,Invalid Claim,0.0994,0.8374,0.0632,0.8374,cards/test/Invalid Claim/CLM-00543_v1.png,Invalid Claim,0.0049,0.9927,0.0024,0.9927,True,0.1553,Acceptable Match,failed: warranty_expired_beyond_grace (blocking),0 mandatory missing; not attached: repair report,none,none (dataset claims have no claim history),Likely Invalid,True,v2,v2,
CLM-01122,Manual Review,serial_mismatch,Manual Review,0.1232,0.0531,0.8237,0.8237,cards/test/Manual Review/CLM-01122_v1.png,Manual Review,0.0399,0.0558,0.9043,0.9043,True,0.0806,Strong Match,"failed: serial_number_match (review), reported_after_reporting_period (warning)",0 mandatory missing; not attached: repair report,Serial number mismatch between claim input and evidence.,none (dataset claims have no claim history),Manual Review Required,True,v2,v2,
CLM-01283,Manual Review,contradiction_bad_dates,Manual Review,0.0813,0.0212,0.8975,0.8975,cards/test/Manual Review/CLM-01283_v1.png,Manual Review,0.0054,0.1198,0.8748,0.8748,True,0.0227,Strong Match,all rules passed,0 mandatory missing; not attached: repair report,Fault date precedes product purchase date.,none (dataset claims have no claim history),Manual Review Required,True,v2,v2,
CLM-00099,Valid Claim,valid_near_expiry,Valid Claim,0.8753,0.0482,0.0766,0.8753,cards/test/Valid Claim/CLM-00099_v1.png,Valid Claim,0.9724,0.0257,0.0019,0.9724,True,0.0971,Strong Match,all rules passed,"0 mandatory missing; not attached: warranty card, repair report",none,none (dataset claims have no claim history),Likely Valid,True,v2,v2,
CLM-00384,Valid Claim,valid_near_expiry,Valid Claim,0.8758,0.0604,0.0638,0.8758,cards/test/Valid Claim/CLM-00384_v1.png,Valid Claim,0.9378,0.0592,0.0029,0.9378,True,0.062,Strong Match,all rules passed,0 mandatory missing; not attached: repair report,none,none (dataset claims have no claim history),Likely Valid,True,v2,v2,
CLM-00737,Invalid Claim,excessive_repairs,Invalid Claim,0.2272,0.7571,0.0157,0.7571,cards/test/Invalid Claim/CLM-00737_v1.png,Invalid Claim,0.0,0.9944,0.0056,0.9944,True,0.2373,Weak Match,"failed: reported_after_reporting_period (warning), max_repairs_exceeded (blocking)",0 mandatory missing,none,none (dataset claims have no claim history),Likely Invalid,True,v2,v2,
CLM-01455,Manual Review,contradiction_bad_dates,Manual Review,0.1125,0.0378,0.8497,0.8497,cards/test/Manual Review/CLM-01455_v1.png,Manual Review,0.064,0.0726,0.8634,0.8634,True,0.0137,Strong Match,all rules passed,"0 mandatory missing; not attached: warranty card, repair report",Fault date precedes product purchase date.,none (dataset claims have no claim history),Manual Review Required,True,v2,v2,
CLM-00064,Valid Claim,normal_valid,Valid Claim,0.6788,0.1281,0.1931,0.6788,cards/test/Valid Claim/CLM-00064_v1.png,Valid Claim,0.9773,0.0122,0.0105,0.9773,True,0.2985,Weak Match,all rules passed,0 mandatory missing; not attached: repair report,none,none (dataset claims have no claim history),Manual Review Required,False,v2,v2,
CLM-01414,Manual Review,serial_mismatch,Manual Review,0.1386,0.0215,0.8399,0.8399,cards/test/Manual Review/CLM-01414_v1.png,Manual Review,0.0107,0.0245,0.9648,0.9648,True,0.1249,Acceptable Match,"failed: serial_number_match (review), reported_after_reporting_period (warning)",0 mandatory missing; not attached: repair report,Serial number mismatch between claim input and evidence.,none (dataset claims have no claim history),Manual Review Required,True,v2,v2,
CLM-00030,Valid Claim,valid_near_expiry,Valid Claim,0.7683,0.0541,0.1776,0.7683,cards/test/Valid Claim/CLM-00030_v1.png,Valid Claim,0.9613,0.0368,0.0019,0.9613,True,0.193,Acceptable Match,all rules passed,"0 mandatory missing; not attached: product image, repair report",none,none (dataset claims have no claim history),Likely Valid,True,v2,v2,
CLM-00243,Valid Claim,valid_near_expiry,Valid Claim,0.8597,0.0461,0.0942,0.8597,cards/test/Valid Claim/CLM-00243_v1.png,Valid Claim,0.9744,0.0239,0.0017,0.9744,True,0.1147,Acceptable Match,all rules passed,"0 mandatory missing; not attached: warranty card, product image, repair report",none,none (dataset claims have no claim history),Likely Valid,True,v2,v2,
CLM-01448,Manual Review,borderline_disagreement,Manual Review,0.0415,0.0594,0.8991,0.8991,cards/test/Manual Review/CLM-01448_v1.png,Manual Review,0.0923,0.0609,0.8469,0.8469,True,0.0522,Strong Match,all rules passed,0 mandatory missing; not attached: warranty card,none,none (dataset claims have no claim history),Manual Review Required,True,v2,v2,
CLM-01279,Manual Review,contradiction_bad_dates,Manual Review,0.1097,0.0203,0.87,0.87,cards/test/Manual Review/CLM-01279_v1.png,Manual Review,0.0227,0.1941,0.7832,0.7832,True,0.0868,Acceptable Match,all rules passed,0 mandatory missing; not attached: repair report,Fault date precedes product purchase date.,none (dataset claims have no claim history),Manual Review Required,True,v2,v2,
CLM-00406,Valid Claim,normal_valid,Valid Claim,0.7503,0.1193,0.1304,0.7503,cards/test/Valid Claim/CLM-00406_v1.png,Valid Claim,0.8334,0.165,0.0016,0.8334,True,0.0831,Acceptable Match,failed: reported_after_reporting_period (warning),0 mandatory missing,none,none (dataset claims have no claim history),Likely Valid,True,v2,v2,
CLM-01369,Manual Review,missing_documents,Manual Review,0.1016,0.0246,0.8738,0.8738,cards/test/Manual Review/CLM-01369_v1.png,Manual Review,0.0876,0.0384,0.874,0.874,True,0.0002,Strong Match,failed: missing_mandatory_documents (review),"2 mandatory missing; not attached: product image, repair report",none,none (dataset claims have no claim history),Manual Review Required,True,v2,v2,
CLM-00481,Valid Claim,normal_valid,Valid Claim,0.7129,0.1286,0.1585,0.7129,cards/test/Valid Claim/CLM-00481_v1.png,Valid Claim,0.9887,0.0091,0.0022,0.9887,True,0.2758,Weak Match,failed: reported_after_reporting_period (warning),0 mandatory missing; not attached: repair report,none,none (dataset claims have no claim history),Manual Review Required,False,v2,v2,
CLM-00234,Valid Claim,valid_near_expiry,Valid Claim,0.8788,0.0578,0.0635,0.8788,cards/test/Valid Claim/CLM-00234_v1.png,Valid Claim,0.7693,0.2257,0.005,0.7693,True,0.1095,Acceptable Match,all rules passed,0 mandatory missing; not attached: repair report,none,none (dataset claims have no claim history),Likely Valid,True,v2,v2,
CLM-00911,Invalid Claim,excessive_repairs,Invalid Claim,0.0773,0.9074,0.0153,0.9074,cards/test/Invalid Claim/CLM-00911_v1.png,Invalid Claim,0.0011,0.9986,0.0002,0.9986,True,0.0912,Strong Match,failed: max_repairs_exceeded (blocking),0 mandatory missing,none,none (dataset claims have no claim history),Likely Invalid,True,v2,v2,
CLM-01309,Manual Review,missing_documents,Manual Review,0.1644,0.0483,0.7873,0.7873,cards/test/Manual Review/CLM-01309_v1.png,Manual Review,0.0793,0.0163,0.9043,0.9043,True,0.117,Acceptable Match,"failed: reported_after_reporting_period (warning), missing_mandatory_documents (review)","1 mandatory missing; not attached: receipt, repair report",none,none (dataset claims have no claim history),Manual Review Required,True,v2,v2,
CLM-01228,Manual Review,borderline_disagreement,Manual Review,0.0455,0.0248,0.9297,0.9297,cards/test/Manual Review/CLM-01228_v1.png,Manual Review,0.0802,0.0857,0.8341,0.8341,True,0.0956,Strong Match,all rules passed,0 mandatory missing; not attached: warranty card,none,none (dataset claims have no claim history),Manual Review Required,True,v2,v2,
CLM-01479,Manual Review,contradiction_bad_dates,Manual Review,0.0963,0.015,0.8887,0.8887,cards/test/Manual Review/CLM-01479_v1.png,Manual Review,0.059,0.1031,0.8379,0.8379,True,0.0508,Strong Match,all rules passed,"0 mandatory missing; not attached: product image, repair report",Fault date precedes product purchase date.,none (dataset claims have no claim history),Manual Review Required,True,v2,v2,
CLM-00017,Valid Claim,valid_with_repair_history,Valid Claim,0.6191,0.1632,0.2177,0.6191,cards/test/Valid Claim/CLM-00017_v1.png,Valid Claim,0.9908,0.0011,0.008,0.9908,True,0.3717,Weak Match,failed: reported_after_reporting_period (warning),0 mandatory missing; not attached: warranty card,none,none (dataset claims have no claim history),Manual Review Required,False,v2,v2,
CLM-00160,Valid Claim,normal_valid,Valid Claim,0.7797,0.1167,0.1036,0.7797,cards/test/Valid Claim/CLM-00160_v1.png,Valid Claim,0.9305,0.0669,0.0026,0.9305,True,0.1508,Acceptable Match,failed: reported_after_reporting_period (warning),0 mandatory missing; not attached: product image,none,none (dataset claims have no claim history),Likely Valid,True,v2,v2,
CLM-00207,Valid Claim,valid_near_expiry,Valid Claim,0.8791,0.0574,0.0635,0.8791,cards/test/Valid Claim/CLM-00207_v1.png,Valid Claim,0.9428,0.0547,0.0025,0.9428,True,0.0637,Strong Match,all rules passed,0 mandatory missing; not attached: repair report,none,none (dataset claims have no claim history),Likely Valid,True,v2,v2,
CLM-00260,Valid Claim,valid_with_repair_history,Valid Claim,0.8228,0.1013,0.076,0.8228,cards/test/Valid Claim/CLM-00260_v1.png,Valid Claim,0.8326,0.1645,0.0028,0.8326,True,0.0098,Strong Match,failed: reported_after_reporting_period (warning),0 mandatory missing,none,none (dataset claims have no claim history),Likely Valid,True,v2,v2,
CLM-00615,Invalid Claim,expired_warranty,Invalid Claim,0.0371,0.9504,0.0125,0.9504,cards/test/Invalid Claim/CLM-00615_v1.png,Invalid Claim,0.0398,0.9546,0.0055,0.9546,True,0.0042,Strong Match,failed: warranty_expired_beyond_grace (blocking),0 mandatory missing; not attached: repair report,none,none (dataset claims have no claim history),Likely Invalid,True,v2,v2,
CLM-01023,Manual Review,contradiction_bad_dates,Manual Review,0.1117,0.0109,0.8774,0.8774,cards/test/Manual Review/CLM-01023_v1.png,Manual Review,0.0042,0.0544,0.9414,0.9414,True,0.064,Strong Match,all rules passed,0 mandatory missing; not attached: repair report,Fault date precedes product purchase date.,none (dataset claims have no claim history),Manual Review Required,True,v2,v2,
CLM-00654,Invalid Claim,expired_warranty,Invalid Claim,0.0241,0.9528,0.0232,0.9528,cards/test/Invalid Claim/CLM-00654_v1.png,Invalid Claim,0.0011,0.997,0.0019,0.997,True,0.0442,Strong Match,failed: warranty_expired_beyond_grace (blocking),"0 mandatory missing; not attached: warranty card, repair report",none,none (dataset claims have no claim history),Likely Invalid,True,v2,v2,
CLM-00426,Valid Claim,valid_near_expiry,Valid Claim,0.675,0.0664,0.2587,0.675,cards/test/Valid Claim/CLM-00426_v1.png,Valid Claim,0.9862,0.0119,0.0019,0.9862,True,0.3112,Weak Match,all rules passed,0 mandatory missing; not attached: repair report,none,none (dataset claims have no claim history),Manual Review Required,False,v2,v2,
CLM-00180,Valid Claim,valid_near_expiry,Valid Claim,0.8415,0.0867,0.0718,0.8415,cards/test/Valid Claim/CLM-00180_v1.png,Valid Claim,0.9493,0.0477,0.003,0.9493,True,0.1078,Acceptable Match,all rules passed,0 mandatory missing; not attached: repair report,none,none (dataset claims have no claim history),Likely Valid,True,v2,v2,
CLM-00763,Invalid Claim,excluded_damage,Invalid Claim,0.1155,0.8441,0.0403,0.8441,cards/test/Invalid Claim/CLM-00763_v1.png,Invalid Claim,0.4589,0.4813,0.0598,0.4813,True,0.3628,Uncertain Result,"failed: excluded_damage_liquid (blocking), excluded_fault_type (blocking), reported_after_reporting_period (warning)","0 mandatory missing; not attached: warranty card, repair report",none,none (dataset claims have no claim history),Likely Invalid,True,v2,v2,
CLM-00675,Invalid Claim,expired_warranty,Invalid Claim,0.0394,0.9021,0.0586,0.9021,cards/test/Invalid Claim/CLM-00675_v1.png,Invalid Claim,0.0067,0.9912,0.0021,0.9912,True,0.0891,Strong Match,failed: warranty_expired_beyond_grace (blocking),"0 mandatory missing; not attached: warranty card, product image, repair report",none,none (dataset claims have no claim history),Likely Invalid,True,v2,v2,
CLM-00823,Invalid Claim,excluded_damage,Invalid Claim,0.148,0.8026,0.0495,0.8026,cards/test/Invalid Claim/CLM-00823_v1.png,Invalid Claim,0.4786,0.4812,0.0402,0.4812,True,0.3214,Uncertain Result,"failed: excluded_damage_liquid (blocking), excluded_fault_type (blocking), reported_after_reporting_period (warning)","0 mandatory missing; not attached: warranty card, product image, repair report",none,none (dataset claims have no claim history),Likely Invalid,True,v2,v2,
CLM-00264,Valid Claim,valid_near_expiry,Valid Claim,0.8679,0.0406,0.0915,0.8679,cards/test/Valid Claim/CLM-00264_v1.png,Valid Claim,0.9931,0.0055,0.0014,0.9931,True,0.1252,Acceptable Match,all rules passed,0 mandatory missing; not attached: repair report,none,none (dataset claims have no claim history),Likely Valid,True,v2,v2,
CLM-00475,Valid Claim,normal_valid,Valid Claim,0.6885,0.13,0.1815,0.6885,cards/test/Valid Claim/CLM-00475_v1.png,Valid Claim,0.9894,0.0063,0.0043,0.9894,True,0.3009,Weak Match,failed: reported_after_reporting_period (warning),0 mandatory missing; not attached: repair report,none,none (dataset claims have no claim history),Manual Review Required,False,v2,v2,
CLM-00580,Invalid Claim,excluded_damage,Invalid Claim,0.2511,0.6533,0.0956,0.6533,cards/test/Invalid Claim/CLM-00580_v1.png,Invalid Claim,0.0391,0.9343,0.0266,0.9343,True,0.281,Weak Match,"failed: excluded_damage_liquid (blocking), excluded_fault_type (blocking), reported_after_reporting_period (warning)","0 mandatory missing; not attached: warranty card, repair report",none,none (dataset claims have no claim history),Likely Invalid,True,v2,v2,
CLM-00542,Invalid Claim,excessive_repairs,Invalid Claim,0.0944,0.8979,0.0077,0.8979,cards/test/Invalid Claim/CLM-00542_v1.png,Invalid Claim,0.0024,0.9973,0.0003,0.9973,True,0.0994,Strong Match,failed: max_repairs_exceeded (blocking),0 mandatory missing,none,none (dataset claims have no claim history),Likely Invalid,True,v2,v2,
CLM-00091,Valid Claim,normal_valid,Valid Claim,0.6855,0.1286,0.1859,0.6855,cards/test/Valid Claim/CLM-00091_v1.png,Valid Claim,0.9753,0.0108,0.0139,0.9753,True,0.2898,Weak Match,failed: reported_after_reporting_period (warning),0 mandatory missing; not attached: repair report,none,none (dataset claims have no claim history),Manual Review Required,False,v2,v2,
CLM-01270,Manual Review,serial_mismatch,Manual Review,0.1256,0.0248,0.8496,0.8496,cards/test/Manual Review/CLM-01270_v1.png,Manual Review,0.0245,0.0221,0.9534,0.9534,True,0.1038,Acceptable Match,"failed: serial_number_match (review), reported_after_reporting_period (warning)",0 mandatory missing; not attached: repair report,Serial number mismatch between claim input and evidence.,none (dataset claims have no claim history),Manual Review Required,True,v2,v2,
CLM-00783,Invalid Claim,expired_warranty,Invalid Claim,0.0339,0.9527,0.0135,0.9527,cards/test/Invalid Claim/CLM-00783_v1.png,Invalid Claim,0.0072,0.9902,0.0026,0.9902,True,0.0375,Strong Match,failed: warranty_expired_beyond_grace (blocking),0 mandatory missing; not attached: repair report,none,none (dataset claims have no claim history),Likely Invalid,True,v2,v2,
CLM-00470,Valid Claim,valid_with_repair_history,Valid Claim,0.8263,0.1102,0.0634,0.8263,cards/test/Valid Claim/CLM-00470_v1.png,Valid Claim,0.8886,0.1078,0.0036,0.8886,True,0.0623,Strong Match,failed: reported_after_reporting_period (warning),0 mandatory missing,none,none (dataset claims have no claim history),Likely Valid,True,v2,v2,
CLM-01113,Manual Review,missing_documents,Manual Review,0.1217,0.0244,0.8538,0.8538,cards/test/Manual Review/CLM-01113_v1.png,Manual Review,0.0674,0.0242,0.9084,0.9084,True,0.0546,Strong Match,"failed: reported_after_reporting_period (warning), missing_mandatory_documents (review)","2 mandatory missing; not attached: warranty card, product image, repair report",none,none (dataset claims have no claim history),Manual Review Required,True,v2,v2,
CLM-00986,Invalid Claim,excessive_repairs,Invalid Claim,0.0353,0.9486,0.0161,0.9486,cards/test/Invalid Claim/CLM-00986_v1.png,Invalid Claim,0.0002,0.6198,0.38,0.6198,True,0.3288,Weak Match,"failed: reported_after_reporting_period (warning), max_repairs_exceeded (blocking), prior_replacement_limit (blocking)",0 mandatory missing,none,none (dataset claims have no claim history),Likely Invalid,True,v2,v2,
CLM-00427,Valid Claim,normal_valid,Valid Claim,0.6998,0.1386,0.1616,0.6998,cards/test/Valid Claim/CLM-00427_v1.png,Valid Claim,0.9748,0.0203,0.0048,0.9748,True,0.275,Weak Match,failed: reported_after_reporting_period (warning),0 mandatory missing; not attached: repair report,none,none (dataset claims have no claim history),Manual Review Required,False,v2,v2,
CLM-01150,Manual Review,serial_mismatch,Manual Review,0.1366,0.0315,0.8319,0.8319,cards/test/Manual Review/CLM-01150_v1.png,Manual Review,0.005,0.1405,0.8544,0.8544,True,0.0225,Strong Match,"failed: serial_number_match (review), reported_after_reporting_period (warning)","0 mandatory missing; not attached: warranty card, repair report",Serial number mismatch between claim input and evidence.,none (dataset claims have no claim history),Manual Review Required,True,v2,v2,
CLM-00269,Valid Claim,valid_with_repair_history,Valid Claim,0.8382,0.1172,0.0445,0.8382,cards/test/Valid Claim/CLM-00269_v1.png,Valid Claim,0.7938,0.2047,0.0016,0.7938,True,0.0444,Acceptable Match,failed: reported_after_reporting_period (warning),0 mandatory missing,none,none (dataset claims have no claim history),Likely Valid,True,v2,v2,
CLM-01302,Manual Review,serial_mismatch,Manual Review,0.0835,0.0825,0.8341,0.8341,cards/test/Manual Review/CLM-01302_v1.png,Manual Review,0.0022,0.0521,0.9457,0.9457,True,0.1116,Acceptable Match,"failed: serial_number_match (review), reported_after_reporting_period (warning)","0 mandatory missing; not attached: warranty card, repair report",Serial number mismatch between claim input and evidence.,none (dataset claims have no claim history),Manual Review Required,True,v2,v2,
CLM-01456,Manual Review,borderline_disagreement,Manual Review,0.0516,0.0193,0.9291,0.9291,cards/test/Manual Review/CLM-01456_v1.png,Manual Review,0.0594,0.0359,0.9046,0.9046,True,0.0245,Strong Match,all rules passed,0 mandatory missing; not attached: warranty card,none,none (dataset claims have no claim history),Manual Review Required,True,v2,v2,
CLM-01386,Manual Review,serial_mismatch,Manual Review,0.1188,0.0286,0.8527,0.8527,cards/test/Manual Review/CLM-01386_v1.png,Manual Review,0.054,0.0517,0.8943,0.8943,True,0.0416,Strong Match,"failed: serial_number_match (review), reported_after_reporting_period (warning)",0 mandatory missing; not attached: repair report,Serial number mismatch between claim input and evidence.,none (dataset claims have no claim history),Manual Review Required,True,v2,v2,
CLM-01465,Manual Review,missing_documents,Manual Review,0.1654,0.0486,0.786,0.786,cards/test/Manual Review/CLM-01465_v1.png,Manual Review,0.0789,0.0132,0.9078,0.9078,True,0.1218,Acceptable Match,"failed: reported_after_reporting_period (warning), missing_mandatory_documents (review)",1 mandatory missing; not attached: repair report,none,none (dataset claims have no claim history),Manual Review Required,True,v2,v2,
CLM-00689,Invalid Claim,excessive_repairs,Invalid Claim,0.4619,0.498,0.0401,0.498,cards/test/Invalid Claim/CLM-00689_v1.png,Invalid Claim,0.0185,0.979,0.0025,0.979,True,0.481,Uncertain Result,"failed: reported_after_reporting_period (warning), max_repairs_exceeded (blocking)",0 mandatory missing,none,none (dataset claims have no claim history),Likely Invalid,True,v2,v2,
CLM-00965,Invalid Claim,excessive_repairs,Invalid Claim,0.1027,0.8766,0.0207,0.8766,cards/test/Invalid Claim/CLM-00965_v1.png,Invalid Claim,0.0014,0.9984,0.0003,0.9984,True,0.1218,Acceptable Match,"failed: reported_after_reporting_period (warning), max_repairs_exceeded (blocking)",0 mandatory missing,none,none (dataset claims have no claim history),Likely Invalid,True,v2,v2,
CLM-00754,Invalid Claim,excluded_damage,Invalid Claim,0.0961,0.8038,0.1,0.8038,cards/test/Invalid Claim/CLM-00754_v1.png,Invalid Claim,0.066,0.9242,0.0098,0.9242,True,0.1204,Acceptable Match,"failed: excluded_damage_liquid (blocking), excluded_fault_type (blocking), reported_after_reporting_period (warning)",0 mandatory missing; not attached: repair report,none,none (dataset claims have no claim history),Likely Invalid,True,v2,v2,
CLM-00869,Invalid Claim,excessive_repairs,Valid Claim,0.5586,0.3693,0.0721,0.5586,cards/test/Invalid Claim/CLM-00869_v1.png,Invalid Claim,0.3612,0.5858,0.053,0.5858,False,0.0272,Model Disagreement,"failed: reported_after_reporting_period (warning), max_repairs_exceeded (blocking)",0 mandatory missing; not attached: warranty card,none,none (dataset claims have no claim history),Likely Invalid,True,v2,v2,"Python said Valid Claim (56%), Teachable Machine said Invalid Claim (59%); actual Invalid Claim (scenario excessive_repairs); Teachable Machine matched the actual class. At least one model was below the 60% minimum confidence."
CLM-00103,Valid Claim,normal_valid,Valid Claim,0.6532,0.1362,0.2106,0.6532,cards/test/Valid Claim/CLM-00103_v1.png,Valid Claim,0.9742,0.0218,0.0039,0.9742,True,0.321,Weak Match,all rules passed,0 mandatory missing; not attached: repair report,none,none (dataset claims have no claim history),Manual Review Required,False,v2,v2,
CLM-01188,Manual Review,borderline_disagreement,Manual Review,0.0451,0.0173,0.9376,0.9376,cards/test/Manual Review/CLM-01188_v1.png,Manual Review,0.0618,0.0237,0.9144,0.9144,True,0.0232,Strong Match,all rules passed,0 mandatory missing; not attached: warranty card,none,none (dataset claims have no claim history),Manual Review Required,True,v2,v2,
CLM-00124,Invalid Claim,normal_valid,Valid Claim,0.6599,0.1491,0.1909,0.6599,cards/test/Invalid Claim/CLM-00124_v1.png,Valid Claim,0.9828,0.0141,0.0031,0.9828,True,0.3229,Weak Match,failed: reported_after_reporting_period (warning),0 mandatory missing; not attached: repair report,none,none (dataset claims have no claim history),Manual Review Required,False,v2,v2,
CLM-01040,Manual Review,borderline_disagreement,Manual Review,0.0581,0.0174,0.9245,0.9245,cards/test/Manual Review/CLM-01040_v1.png,Manual Review,0.0636,0.0233,0.9131,0.9131,True,0.0114,Strong Match,all rules passed,0 mandatory missing; not attached: warranty card,none,none (dataset claims have no claim history),Manual Review Required,True,v2,v2,
CLM-01204,Manual Review,borderline_disagreement,Manual Review,0.0583,0.017,0.9247,0.9247,cards/test/Manual Review/CLM-01204_v1.png,Manual Review,0.1262,0.06,0.8138,0.8138,True,0.1109,Acceptable Match,all rules passed,0 mandatory missing; not attached: warranty card,none,none (dataset claims have no claim history),Manual Review Required,True,v2,v2,
CLM-01225,Manual Review,missing_documents,Manual Review,0.0501,0.0064,0.9435,0.9435,cards/test/Manual Review/CLM-01225_v1.png,Manual Review,0.0101,0.0041,0.9859,0.9859,True,0.0424,Strong Match,"failed: reported_after_reporting_period (warning), missing_mandatory_documents (review)","2 mandatory missing; not attached: receipt, repair report",none,none (dataset claims have no claim history),Manual Review Required,True,v2,v2,
CLM-01258,Manual Review,serial_mismatch,Manual Review,0.0974,0.0278,0.8748,0.8748,cards/test/Manual Review/CLM-01258_v1.png,Manual Review,0.0039,0.1124,0.8837,0.8837,True,0.0089,Strong Match,"failed: serial_number_match (review), reported_after_reporting_period (warning)","0 mandatory missing; not attached: warranty card, repair report",Serial number mismatch between claim input and evidence.,none (dataset claims have no claim history),Manual Review Required,True,v2,v2,
CLM-00421,Valid Claim,normal_valid,Valid Claim,0.6401,0.1426,0.2173,0.6401,cards/test/Valid Claim/CLM-00421_v1.png,Valid Claim,0.988,0.0096,0.0024,0.988,True,0.3479,Weak Match,all rules passed,"0 mandatory missing; not attached: product image, repair report",none,none (dataset claims have no claim history),Manual Review Required,False,v2,v2,
CLM-00422,Valid Claim,valid_with_repair_history,Valid Claim,0.7995,0.1248,0.0756,0.7995,cards/test/Valid Claim/CLM-00422_v1.png,Valid Claim,0.8616,0.1343,0.0042,0.8616,True,0.0621,Acceptable Match,failed: reported_after_reporting_period (warning),0 mandatory missing,none,none (dataset claims have no claim history),Likely Valid,True,v2,v2,
CLM-01275,Manual Review,contradiction_bad_dates,Manual Review,0.154,0.0294,0.8166,0.8166,cards/test/Manual Review/CLM-01275_v1.png,Manual Review,0.0054,0.0236,0.9709,0.9709,True,0.1543,Acceptable Match,all rules passed,"0 mandatory missing; not attached: warranty card, repair report",Fault date precedes product purchase date.,none (dataset claims have no claim history),Manual Review Required,True,v2,v2,
CLM-00449,Valid Claim,valid_with_repair_history,Valid Claim,0.7539,0.1044,0.1417,0.7539,cards/test/Valid Claim/CLM-00449_v1.png,Valid Claim,0.889,0.0038,0.1072,0.889,True,0.1351,Acceptable Match,failed: reported_after_reporting_period (warning),"0 mandatory missing; not attached: warranty card, repair report",none,none (dataset claims have no claim history),Likely Valid,True,v2,v2,
CLM-00880,Invalid Claim,excluded_damage,Invalid Claim,0.0449,0.9293,0.0257,0.9293,cards/test/Invalid Claim/CLM-00880_v1.png,Invalid Claim,0.0071,0.9812,0.0117,0.9812,True,0.0519,Strong Match,"failed: excluded_damage_liquid (blocking), excluded_fault_type (blocking), reported_after_reporting_period (warning)",0 mandatory missing; not attached: repair report,none,none (dataset claims have no claim history),Likely Invalid,True,v2,v2,
CLM-00451,Valid Claim,normal_valid,Valid Claim,0.7488,0.1423,0.1089,0.7488,cards/test/Valid Claim/CLM-00451_v1.png,Valid Claim,0.9161,0.0813,0.0026,0.9161,True,0.1673,Acceptable Match,failed: reported_after_reporting_period (warning),0 mandatory missing; not attached: product image,none,none (dataset claims have no claim history),Likely Valid,True,v2,v2,
CLM-00682,Valid Claim,excluded_damage,Invalid Claim,0.0463,0.9275,0.0262,0.9275,cards/test/Valid Claim/CLM-00682_v1.png,Invalid Claim,0.0226,0.9739,0.0035,0.9739,True,0.0464,Strong Match,"failed: excluded_damage_liquid (blocking), excluded_fault_type (blocking), reported_after_reporting_period (warning)",0 mandatory missing; not attached: repair report,none,none (dataset claims have no claim history),Likely Invalid,False,v2,v2,
CLM-00133,Valid Claim,normal_valid,Valid Claim,0.7336,0.0908,0.1756,0.7336,cards/test/Valid Claim/CLM-00133_v1.png,Valid Claim,0.9848,0.0131,0.0021,0.9848,True,0.2512,Weak Match,failed: reported_after_reporting_period (warning),"0 mandatory missing; not attached: warranty card, repair report",none,none (dataset claims have no claim history),Manual Review Required,False,v2,v2,
CLM-01440,Manual Review,borderline_disagreement,Manual Review,0.059,0.017,0.9241,0.9241,cards/test/Manual Review/CLM-01440_v1.png,Manual Review,0.1033,0.0499,0.8468,0.8468,True,0.0773,Strong Match,all rules passed,0 mandatory missing; not attached: warranty card,none,none (dataset claims have no claim history),Manual Review Required,True,v2,v2,
CLM-00114,Valid Claim,valid_near_expiry,Valid Claim,0.8811,0.0418,0.0771,0.8811,cards/test/Valid Claim/CLM-00114_v1.png,Valid Claim,0.9431,0.0517,0.0052,0.9431,True,0.062,Strong Match,all rules passed,"0 mandatory missing; not attached: warranty card, repair report",none,none (dataset claims have no claim history),Likely Valid,True,v2,v2,
CLM-00762,Invalid Claim,expired_warranty,Invalid Claim,0.031,0.8966,0.0724,0.8966,cards/test/Invalid Claim/CLM-00762_v1.png,Invalid Claim,0.0082,0.9848,0.007,0.9848,True,0.0882,Strong Match,failed: warranty_expired_beyond_grace (blocking),0 mandatory missing; not attached: repair report,none,none (dataset claims have no claim history),Likely Invalid,True,v2,v2,
CLM-01006,Manual Review,serial_mismatch,Manual Review,0.0955,0.0269,0.8775,0.8775,cards/test/Manual Review/CLM-01006_v1.png,Manual Review,0.0067,0.2008,0.7924,0.7924,True,0.0851,Acceptable Match,"failed: serial_number_match (review), reported_after_reporting_period (warning)","0 mandatory missing; not attached: warranty card, repair report",Serial number mismatch between claim input and evidence.,none (dataset claims have no claim history),Manual Review Required,True,v2,v2,
CLM-00026,Valid Claim,valid_with_repair_history,Valid Claim,0.8528,0.0896,0.0576,0.8528,cards/test/Valid Claim/CLM-00026_v1.png,Valid Claim,0.9184,0.0794,0.0021,0.9184,True,0.0656,Strong Match,failed: reported_after_reporting_period (warning),0 mandatory missing,none,none (dataset claims have no claim history),Likely Valid,True,v2,v2,
CLM-00769,Invalid Claim,excluded_damage,Invalid Claim,0.2071,0.7385,0.0543,0.7385,cards/test/Invalid Claim/CLM-00769_v1.png,Invalid Claim,0.0202,0.9694,0.0104,0.9694,True,0.2309,Weak Match,"failed: excluded_damage_physical (blocking), excluded_fault_type (blocking), reported_after_reporting_period (warning)",0 mandatory missing; not attached: repair report,none,none (dataset claims have no claim history),Likely Invalid,True,v2,v2,
CLM-00847,Invalid Claim,excluded_damage,Invalid Claim,0.1046,0.8276,0.0679,0.8276,cards/test/Invalid Claim/CLM-00847_v1.png,Invalid Claim,0.3558,0.6004,0.0437,0.6004,True,0.2272,Weak Match,"failed: excluded_damage_liquid (blocking), excluded_fault_type (blocking)","0 mandatory missing; not attached: warranty card, repair report",none,none (dataset claims have no claim history),Likely Invalid,True,v2,v2,
CLM-01048,Manual Review,borderline_disagreement,Manual Review,0.0544,0.0248,0.9208,0.9208,cards/test/Manual Review/CLM-01048_v1.png,Manual Review,0.0323,0.1485,0.8192,0.8192,True,0.1016,Acceptable Match,failed: warranty_expired_beyond_grace (blocking),0 mandatory missing; not attached: warranty card,none,none (dataset claims have no claim history),Likely Invalid,False,v2,v2,
CLM-00185,Valid Claim,valid_with_repair_history,Valid Claim,0.7018,0.1804,0.1178,0.7018,cards/test/Valid Claim/CLM-00185_v1.png,Valid Claim,0.9486,0.0434,0.008,0.9486,True,0.2468,Weak Match,all rules passed,"0 mandatory missing; not attached: warranty card, product image",none,none (dataset claims have no claim history),Manual Review Required,False,v2,v2,
CLM-01400,Manual Review,borderline_disagreement,Manual Review,0.0483,0.0087,0.943,0.943,cards/test/Manual Review/CLM-01400_v1.png,Manual Review,0.0257,0.0165,0.9578,0.9578,True,0.0148,Strong Match,all rules passed,0 mandatory missing; not attached: warranty card,none,none (dataset claims have no claim history),Manual Review Required,True,v2,v2,
